scenario,iteration,roundtrip_us,response
floor,1,9791,1
floor,2,9951,1
floor,3,9574,1
floor,4,9980,1
floor,5,9773,1
floor,6,9919,1
floor,7,9965,1
floor,8,9444,1
floor,9,9629,1
floor,10,10327,1
floor,11,9853,1
floor,12,9945,1
floor,13,9460,1
floor,14,9627,1
floor,15,10280,1
floor,16,9784,1
floor,17,9955,1
floor,18,9551,1
floor,19,9626,1
floor,20,10675,1
floor,21,9373,1
floor,22,9962,1
floor,23,9504,1
floor,24,9591,1
floor,25,10787,1
floor,26,9305,1
floor,27,9946,1
floor,28,9446,1
floor,29,9627,1
floor,30,10310,1
floor,31,9776,1
floor,32,9966,1
floor,33,9567,1
floor,34,9449,1
floor,35,10319,1
floor,36,9933,1
floor,37,9830,1
floor,38,9531,1
floor,39,9546,1
floor,40,10178,1
floor,41,10015,1
floor,42,9990,1
floor,43,9499,1
floor,44,9619,1
floor,45,10761,1
floor,46,9330,1
floor,47,9902,1
floor,48,9447,1
floor,49,9586,1
floor,50,10804,1
floor,51,9285,1
floor,52,9976,1
floor,53,9593,1
floor,54,9451,1
floor,55,10299,1
floor,56,9784,1
floor,57,9959,1
floor,58,9560,1
floor,59,9394,1
floor,60,10368,1
floor,61,9910,1
floor,62,9985,1
floor,63,9521,1
floor,64,9618,1
floor,65,10130,1
floor,66,9945,1
floor,67,9962,1
floor,68,9487,1
floor,69,9535,1
floor,70,10329,1
floor,71,9874,1
floor,72,9951,1
floor,73,9579,1
floor,74,9451,1
floor,75,10309,1
floor,76,9760,1
floor,77,9958,1
floor,78,9703,1
floor,79,9423,1
floor,80,10155,1
floor,81,9921,1
floor,82,9959,1
floor,83,10145,1
floor,84,9273,1
floor,85,10277,1
floor,86,9783,1
floor,87,9945,1
floor,88,9377,1
floor,89,9611,1
floor,90,10315,1
floor,91,9907,1
floor,92,9971,1
floor,93,9470,1
floor,94,9589,1
floor,95,10307,1
floor,96,9753,1
floor,97,9924,1
floor,98,9517,1
floor,99,9536,1
floor,100,10161,1
floor,101,9985,1
floor,102,9961,1
floor,103,9469,1
floor,104,9940,1
floor,105,9951,1
floor,106,9752,1
floor,107,9959,1
floor,108,9553,1
floor,109,9777,1
floor,110,9910,1
floor,111,9962,1
floor,112,9823,1
floor,113,9956,1
floor,114,9587,1
floor,115,10303,1
floor,116,9757,1
floor,117,9934,1
floor,118,9548,1
floor,119,9422,1
floor,120,10309,1
floor,121,9924,1
floor,122,9803,1
floor,123,9946,1
floor,124,9623,1
floor,125,10277,1
floor,126,9788,1
floor,127,9945,1
floor,128,9362,1
floor,129,9572,1
floor,130,10304,1
floor,131,9877,1
floor,132,9958,1
floor,133,9491,1
floor,134,9593,1
floor,135,10126,1
floor,136,9936,1
floor,137,9951,1
floor,138,9815,1
floor,139,9580,1
floor,140,10312,1
floor,141,9907,1
floor,142,9803,1
floor,143,9942,1
floor,144,9598,1
floor,145,10153,1
floor,146,10088,1
floor,147,9754,1
floor,148,9802,1
floor,149,9688,1
floor,150,10309,1
floor,151,9756,1
floor,152,9956,1
floor,153,9965,1
floor,154,9426,1
floor,155,10311,1
floor,156,9945,1
floor,157,9966,1
floor,158,9410,1
floor,159,9561,1
floor,160,10148,1
floor,161,10029,1
floor,162,9951,1
floor,163,9322,1
floor,164,9616,1
floor,165,10306,1
floor,166,9790,1
floor,167,10122,1
floor,168,9448,1
floor,169,9624,1
floor,170,10128,1
floor,171,9927,1
floor,172,9956,1
floor,173,9374,1
floor,174,9626,1
floor,175,10308,1
floor,176,9755,1
floor,177,9961,1
floor,178,9493,1
floor,179,9423,1
floor,180,10310,1
floor,181,9947,1
floor,182,9788,1
floor,183,9946,1
floor,184,9623,1
floor,185,10128,1
floor,186,9932,1
floor,187,9980,1
floor,188,10398,1
floor,189,8935,1
floor,190,10340,1
floor,191,9800,1
floor,192,10021,1
floor,193,9809,1
floor,194,9109,1
floor,195,10300,1
floor,196,9759,1
floor,197,9904,1
floor,198,10345,1
floor,199,9346,1
floor,200,10133,1
floor,201,9949,1
floor,202,9963,1
floor,203,9407,1
floor,204,9597,1
floor,205,10149,1
floor,206,9935,1
floor,207,9952,1
floor,208,9352,1
floor,209,9602,1
floor,210,10319,1
floor,211,9785,1
floor,212,9956,1
floor,213,9965,1
floor,214,9424,1
floor,215,10310,1
floor,216,9933,1
floor,217,9827,1
floor,218,9938,1
floor,219,9909,1
floor,220,9814,1
floor,221,10026,1
floor,222,9982,1
floor,223,9381,1
floor,224,9794,1
floor,225,9947,1
floor,226,9967,1
floor,227,9951,1
floor,228,9350,1
floor,229,9603,1
floor,230,10316,1
floor,231,9784,1
floor,232,9959,1
floor,233,9937,1
floor,234,9405,1
floor,235,10524,1
floor,236,9821,1
floor,237,9851,1
floor,238,9997,1
floor,239,9722,1
floor,240,10110,1
floor,241,9949,1
floor,242,10042,1
floor,243,9390,1
floor,244,9617,1
floor,245,10314,1
floor,246,9795,1
floor,247,9894,1
floor,248,9850,1
floor,249,9611,1
floor,250,10301,1
floor,251,9818,1
floor,252,10026,1
floor,253,9989,1
floor,254,9676,1
floor,255,10213,1
floor,256,9967,1
floor,257,9871,1
floor,258,9964,1
floor,259,9187,1
floor,260,10121,1
floor,261,9928,1
floor,262,9980,1
floor,263,9405,1
floor,264,9592,1
floor,265,10160,1
floor,266,9953,1
floor,267,9981,1
floor,268,9370,1
floor,269,9638,1
floor,270,10086,1
floor,271,9980,1
floor,272,9980,1
floor,273,9317,1
floor,274,9642,1
floor,275,10314,1
floor,276,9783,1
floor,277,10126,1
floor,278,9392,1
floor,279,9450,1
floor,280,10263,1
floor,281,9978,1
floor,282,9850,1
floor,283,9997,1
floor,284,9644,1
floor,285,10198,1
floor,286,9998,1
floor,287,10045,1
floor,288,9793,1
floor,289,9619,1
floor,290,10298,1
floor,291,9765,1
floor,292,10023,1
floor,293,9962,1
floor,294,9428,1
floor,295,10308,1
floor,296,9949,1
floor,297,9734,1
floor,298,10034,1
floor,299,9624,1
floor,300,10125,1
floor,301,9968,1
floor,302,9958,1
floor,303,10112,1
floor,304,9284,1
floor,305,10312,1
floor,306,9783,1
floor,307,9959,1
floor,308,9936,1
floor,309,9455,1
floor,310,10236,1
floor,311,9978,1
floor,312,10030,1
floor,313,9818,1
floor,314,9723,1
floor,315,10297,1
floor,316,9758,1
floor,317,9996,1
floor,318,9795,1
floor,319,9644,1
floor,320,10283,1
floor,321,9787,1
floor,322,9962,1
floor,323,9966,1
floor,324,9454,1
floor,325,10306,1
floor,326,9921,1
floor,327,9817,1
floor,328,9948,1
floor,329,9599,1
floor,330,10161,1
floor,331,9939,1
floor,332,9958,1
floor,333,9765,1
floor,334,9626,1
floor,335,10309,1
floor,336,9786,1
floor,337,9990,1
floor,338,9939,1
floor,339,9451,1
floor,340,10263,1
floor,341,10009,1
floor,342,9816,1
floor,343,9998,1
floor,344,9670,1
floor,345,10337,1
floor,346,9853,1
floor,347,9967,1
floor,348,9820,1
floor,349,9681,1
floor,350,10314,1
floor,351,9756,1
floor,352,9964,1
floor,353,9959,1
floor,354,9432,1
floor,355,11052,1
floor,356,9201,1
floor,357,9766,1
floor,358,9972,1
floor,359,9626,1
floor,360,10311,1
floor,361,9783,1
floor,362,9964,1
floor,363,9792,1
floor,364,9645,1
floor,365,10288,1
floor,366,9784,1
floor,367,9952,1
floor,368,9769,1
floor,369,9649,1
floor,370,10254,1
floor,371,9810,1
floor,372,10027,1
floor,373,9993,1
floor,374,9714,1
floor,375,10145,1
floor,376,9926,1
floor,377,9974,1
floor,378,9791,1
floor,379,9625,1
floor,380,10151,1
floor,381,9939,1
floor,382,9955,1
floor,383,9791,1
floor,384,9647,1
floor,385,10277,1
floor,386,9766,1
floor,387,9958,1
floor,388,9966,1
floor,389,9605,1
floor,390,10134,1
floor,391,9955,1
floor,392,9964,1
floor,393,9728,1
floor,394,9671,1
floor,395,10341,1
floor,396,9760,1
floor,397,9907,1
floor,398,9997,1
floor,399,9485,1
floor,400,10273,1
floor,401,9920,1
floor,402,9978,1
floor,403,9784,1
floor,404,9625,1
floor,405,10130,1
floor,406,9936,1
floor,407,9947,1
floor,408,9795,1
floor,409,9610,1
floor,410,10275,1
floor,411,9784,1
floor,412,10301,1
floor,413,9327,1
floor,414,9602,1
floor,415,10082,1
floor,416,10026,1
floor,417,9972,1
floor,418,9768,1
floor,419,9611,1
floor,420,10324,1
floor,421,9759,1
floor,422,9965,1
floor,423,9960,1
floor,424,9424,1
floor,425,10304,1
floor,426,9918,1
floor,427,9812,1
floor,428,9949,1
floor,429,9595,1
floor,430,10122,1
floor,431,9958,1
floor,432,9949,1
floor,433,9962,1
floor,434,9457,1
floor,435,10302,1
floor,436,9781,1
floor,437,9951,1
floor,438,10142,1
floor,439,9278,1
floor,440,10298,1
floor,441,9762,1
floor,442,9986,1
floor,443,9924,1
floor,444,9492,1
floor,445,10302,1
floor,446,9928,1
floor,447,9734,1
floor,448,9995,1
floor,449,9701,1
floor,450,10120,1
floor,451,9955,1
floor,452,9960,1
floor,453,9771,1
floor,454,9813,1
floor,455,10121,1
floor,456,9755,1
floor,457,9978,1
floor,458,9769,1
floor,459,9643,1
floor,460,10292,1
floor,461,9782,1
floor,462,9960,1
floor,463,9938,1
floor,464,9631,1
floor,465,10145,1
floor,466,9913,1
floor,467,10058,1
floor,468,9794,1
floor,469,9595,1
floor,470,10315,1
floor,471,9773,1
floor,472,9975,1
floor,473,9767,1
floor,474,9638,1
floor,475,10300,1
floor,476,9757,1
floor,477,9979,1
floor,478,9766,1
floor,479,9642,1
floor,480,10295,1
floor,481,9672,1
floor,482,10041,1
floor,483,9939,1
floor,484,9628,1
floor,485,10476,1
floor,486,9581,1
floor,487,9924,1
floor,488,9837,1
floor,489,9685,1
floor,490,10153,1
floor,491,9937,1
floor,492,9952,1
floor,493,9792,1
floor,494,9639,1
floor,495,10241,1
floor,496,9818,1
floor,497,10010,1
floor,498,9768,1
floor,499,9643,1
floor,500,10290,1
floor,501,10141,1
floor,502,9629,1
floor,503,9939,1
floor,504,9451,1
floor,505,10303,1
floor,506,10015,1
floor,507,9743,1
floor,508,9942,1
floor,509,9630,1
floor,510,10125,1
floor,511,9928,1
floor,512,9983,1
floor,513,9766,1
floor,514,9630,1
floor,515,10120,1
floor,516,9933,1
floor,517,9953,1
floor,518,9795,1
floor,519,9622,1
floor,520,10298,1
floor,521,9978,1
floor,522,9768,1
floor,523,9939,1
floor,524,9454,1
floor,525,10299,1
floor,526,9776,1
floor,527,10332,1
floor,528,9250,1
floor,529,9478,1
floor,530,10299,1
floor,531,9919,1
floor,532,9967,1
floor,533,9795,1
floor,534,9595,1
floor,535,10149,1
floor,536,9936,1
floor,537,9978,1
floor,538,9933,1
floor,539,9459,1
floor,540,10091,1
floor,541,10018,1
floor,542,9980,1
floor,543,9793,1
floor,544,9613,1
floor,545,10286,1
floor,546,10006,1
floor,547,9773,1
floor,548,9793,1
floor,549,9622,1
floor,550,10292,1
floor,551,9918,1
floor,552,9788,1
floor,553,9978,1
floor,554,9774,1
floor,555,9974,1
floor,556,9934,1
floor,557,9951,1
floor,558,9767,1
floor,559,9637,1
floor,560,10297,1
floor,561,9981,1
floor,562,9737,1
floor,563,9943,1
floor,564,9490,1
floor,565,10432,1
floor,566,9775,1
floor,567,9773,1
floor,568,9991,1
floor,569,9621,1
floor,570,10077,1
floor,571,9981,1
floor,572,9852,1
floor,573,9949,1
floor,574,9631,1
floor,575,10118,1
floor,576,9999,1
floor,577,9914,1
floor,578,9796,1
floor,579,9610,1
floor,580,10326,1
floor,581,9944,1
floor,582,9792,1
floor,583,9943,1
floor,584,9464,1
floor,585,10291,1
floor,586,10011,1
floor,587,9719,1
floor,588,9947,1
floor,589,9628,1
floor,590,10126,1
floor,591,10291,1
floor,592,9592,1
floor,593,9794,1
floor,594,9585,1
floor,595,10295,1
floor,596,9971,1
floor,597,9775,1
floor,598,9938,1
floor,599,9430,1
floor,600,10299,1
floor,601,10044,1
floor,602,9842,1
floor,603,9771,1
floor,604,9593,1
floor,605,10303,1
floor,606,9963,1
floor,607,10124,1
floor,608,9599,1
floor,609,9469,1
floor,610,10289,1
floor,611,10013,1
floor,612,9870,1
floor,613,9769,1
floor,614,9627,1
floor,615,10300,1
floor,616,9913,1
floor,617,9797,1
floor,618,9716,1
floor,619,9569,1
floor,620,10270,1
floor,621,10012,1
floor,622,9721,1
floor,623,9947,1
floor,624,9603,1
floor,625,10123,1
floor,626,10094,1
floor,627,9791,1
floor,628,9948,1
floor,629,9458,1
floor,630,10290,1
floor,631,9990,1
floor,632,9721,1
floor,633,9952,1
floor,634,9630,1
floor,635,10124,1
floor,636,10069,1
floor,637,9846,1
floor,638,9771,1
floor,639,9593,1
floor,640,10299,1
floor,641,9964,1
floor,642,9775,1
floor,643,9770,1
floor,644,9693,1
floor,645,10067,1
floor,646,10124,1
floor,647,9693,1
floor,648,9953,1
floor,649,9778,1
floor,650,9946,1
floor,651,10113,1
floor,652,9780,1
floor,653,9791,1
floor,654,9540,1
floor,655,10289,1
floor,656,10008,1
floor,657,9698,1
floor,658,9947,1
floor,659,9630,1
floor,660,10031,1
floor,661,9961,1
floor,662,10040,1
floor,663,9790,1
floor,664,9707,1
floor,665,10130,1
floor,666,10008,1
floor,667,9696,1
floor,668,9941,1
floor,669,9901,1
floor,670,9826,1
floor,671,10124,1
floor,672,9771,1
floor,673,9939,1
floor,674,9458,1
floor,675,10272,1
floor,676,10035,1
floor,677,9872,1
floor,678,9769,1
floor,679,9600,1
floor,680,10300,1
floor,681,9939,1
floor,682,9775,1
floor,683,9939,1
floor,684,9446,1
floor,685,10453,1
floor,686,9869,1
floor,687,9694,1
floor,688,9946,1
floor,689,9625,1
floor,690,10122,1
floor,691,10095,1
floor,692,9790,1
floor,693,9770,1
floor,694,9569,1
floor,695,10262,1
floor,696,9989,1
floor,697,9725,1
floor,698,9949,1
floor,699,9626,1
floor,700,10123,1
floor,701,10103,1
floor,702,9807,1
floor,703,9768,1
floor,704,9603,1
floor,705,10275,1
floor,706,9966,1
floor,707,9776,1
floor,708,9765,1
floor,709,9530,1
floor,710,10268,1
floor,711,10064,1
floor,712,9696,1
floor,713,9946,1
floor,714,9627,1
floor,715,10122,1
floor,716,10092,1
floor,717,9970,1
floor,718,9618,1
floor,719,9553,1
floor,720,10243,1
floor,721,10058,1
floor,722,10285,1
floor,723,9419,1
floor,724,9312,1
floor,725,10303,1
floor,726,10184,1
floor,727,9731,1
floor,728,9768,1
floor,729,9427,1
floor,730,10271,1
floor,731,9972,1
floor,732,9742,1
floor,733,9964,1
floor,734,9459,1
floor,735,10301,1
floor,736,10015,1
floor,737,9721,1
floor,738,10119,1
floor,739,9463,1
floor,740,10148,1
floor,741,10044,1
floor,742,9690,1
floor,743,9947,1
floor,744,9626,1
floor,745,10141,1
floor,746,10077,1
floor,747,9819,1
floor,748,9796,1
floor,749,9583,1
floor,750,10265,1
floor,751,10004,1
floor,752,9739,1
floor,753,9939,1
floor,754,9609,1
floor,755,10146,1
floor,756,10051,1
floor,757,9838,1
floor,758,9770,1
floor,759,9654,1
floor,760,10026,1
floor,761,10218,1
floor,762,9367,1
floor,763,9784,1
floor,764,9886,1
floor,765,9955,1
floor,766,10017,1
floor,767,9717,1
floor,768,9965,1
floor,769,9432,1
floor,770,10321,1
floor,771,10096,1
floor,772,9453,1
floor,773,9764,1
floor,774,9629,1
floor,775,10299,1
floor,776,9913,1
floor,777,9823,1
floor,778,9767,1
floor,779,9560,1
floor,780,10305,1
floor,781,9980,1
floor,782,9760,1
floor,783,9766,1
floor,784,9628,1
floor,785,10304,1
floor,786,10012,1
floor,787,9692,1
floor,788,9975,1
floor,789,9603,1
floor,790,10147,1
floor,791,10076,1
floor,792,9810,1
floor,793,9798,1
floor,794,9589,1
floor,795,10286,1
floor,796,9991,1
floor,797,9766,1
floor,798,9767,1
floor,799,9530,1
floor,800,10317,1
floor,801,10011,1
floor,802,9703,1
floor,803,9966,1
floor,804,9435,1
floor,805,10279,1
floor,806,10081,1
floor,807,9833,1
floor,808,9796,1
floor,809,9611,1
floor,810,10147,1
floor,811,10152,1
floor,812,9761,1
floor,813,9794,1
floor,814,9587,1
floor,815,10290,1
floor,816,9980,1
floor,817,9912,1
floor,818,9764,1
floor,819,9455,1
floor,820,10299,1
floor,821,10049,1
floor,822,9706,1
floor,823,9946,1
floor,824,9578,1
floor,825,10137,1
floor,826,10173,1
floor,827,9774,1
floor,828,9794,1
floor,829,9584,1
floor,830,10285,1
floor,831,9986,1
floor,832,10106,1
floor,833,9426,1
floor,834,9483,1
floor,835,10296,1
floor,836,10056,1
floor,837,9650,1
floor,838,9981,1
floor,839,9629,1
floor,840,10120,1
floor,841,10126,1
floor,842,9788,1
floor,843,9794,1
floor,844,9583,1
floor,845,10136,1
floor,846,10130,1
floor,847,9780,1
floor,848,9798,1
floor,849,9559,1
floor,850,10289,1
floor,851,10009,1
floor,852,9760,1
floor,853,9938,1
floor,854,9459,1
floor,855,10300,1
floor,856,10039,1
floor,857,9722,1
floor,858,9938,1
floor,859,9460,1
floor,860,10301,1
floor,861,10062,1
floor,862,9671,1
floor,863,9974,1
floor,864,9628,1
floor,865,10122,1
floor,866,10086,1
floor,867,9827,1
floor,868,9770,1
floor,869,9622,1
floor,870,10109,1
floor,871,10149,1
floor,872,9729,1
floor,873,9827,1
floor,874,9852,1
floor,875,9915,1
floor,876,10141,1
floor,877,9677,1
floor,878,9949,1
floor,879,9449,1
floor,880,10322,1
floor,881,10086,1
floor,882,9616,1
floor,883,9976,1
floor,884,9714,1
floor,885,10123,1
floor,886,10135,1
floor,887,9752,1
floor,888,9792,1
floor,889,9568,1
floor,890,10289,1
floor,891,10035,1
floor,892,9737,1
floor,893,9785,1
floor,894,9559,1
floor,895,10465,1
floor,896,9588,1
floor,897,9936,1
floor,898,10013,1
floor,899,9433,1
floor,900,10303,1
floor,901,10076,1
floor,902,9658,1
floor,903,9970,1
floor,904,9624,1
floor,905,10124,1
floor,906,10112,1
floor,907,9891,1
floor,908,9677,1
floor,909,9544,1
floor,910,10316,1
floor,911,9988,1
floor,912,9755,1
floor,913,9763,1
floor,914,9598,1
floor,915,10330,1
floor,916,10198,1
floor,917,9628,1
floor,918,9948,1
floor,919,9629,1
floor,920,10120,1
floor,921,10095,1
floor,922,9792,1
floor,923,9740,1
floor,924,9510,1
floor,925,10340,1
floor,926,9909,1
floor,927,9874,1
floor,928,9822,1
floor,929,9674,1
floor,930,10315,1
floor,931,9821,1
floor,932,10063,1
floor,933,9943,1
floor,934,9459,1
floor,935,10212,1
floor,936,10223,1
floor,937,9810,1
floor,938,9768,1
floor,939,9601,1
floor,940,10105,1
floor,941,10153,1
floor,942,10103,1
floor,943,9388,1
floor,944,9697,1
floor,945,10304,1
floor,946,10034,1
floor,947,9841,1
floor,948,9811,1
floor,949,9429,1
floor,950,10328,1
floor,951,10084,1
floor,952,9872,1
floor,953,9721,1
floor,954,9593,1
floor,955,10119,1
floor,956,10138,1
floor,957,9747,1
floor,958,10126,1
floor,959,9276,1
floor,960,10293,1
floor,961,10040,1
floor,962,9704,1
floor,963,9943,1
floor,964,9457,1
floor,965,10304,1
floor,966,10108,1
floor,967,9625,1
floor,968,9947,1
floor,969,9601,1
floor,970,10106,1
floor,971,10177,1
floor,972,9717,1
floor,973,9765,1
floor,974,9743,1
floor,975,9965,1
floor,976,10200,1
floor,977,9662,1
floor,978,9947,1
floor,979,9631,1
floor,980,10093,1
floor,981,10175,1
floor,982,9725,1
floor,983,9795,1
floor,984,9616,1
floor,985,10290,1
floor,986,10078,1
floor,987,9680,1
floor,988,9938,1
floor,989,9457,1
floor,990,10302,1
floor,991,9930,1
floor,992,9808,1
floor,993,9945,1
floor,994,9620,1
floor,995,10117,1
floor,996,10168,1
floor,997,9718,1
floor,998,9799,1
floor,999,9535,1
floor,1000,10226,1
read,1,53480,R 487 25792
read,2,56496,R 487 26353
read,3,53792,R 487 26142
read,4,56015,R 487 26392
read,5,53526,R 487 25774
read,6,50086,R 488 20342
read,7,50097,R 487 20819
read,8,95802,R False 66289
read,9,53312,R 487 25759
read,10,96559,R False 66252
read,11,53188,R 487 25554
read,12,50169,R 487 20943
read,13,95823,R False 66255
read,14,53378,R 487 25746
read,15,56766,R 487 26306
read,16,53666,R 488 26212
read,17,95881,R False 66240
read,18,53767,R 487 25846
read,19,56202,R 488 26586
read,20,53654,R 487 26258
read,21,55954,R 488 26389
read,22,53695,R 487 26029
read,23,49747,R 487 20281
read,24,96132,R False 65810
read,25,53696,R 487 25468
read,26,96067,R False 66226
read,27,55900,R 487 25855
read,28,47694,R 486 20179
read,29,50242,R 487 20963
read,30,95687,R False 66280
read,31,53517,R 487 25850
read,32,56607,R 486 26264
read,33,53645,R 488 26182
read,34,55928,R 487 26391
read,35,53485,R 487 25797
read,36,50094,R 487 20266
read,37,96010,R False 65789
read,38,53628,R 487 25725
read,39,96257,R False 66214
read,40,53652,R 487 25850
read,41,49889,R 487 20360
read,42,50563,R 487 21244
read,43,95470,R False 66273
read,44,53321,R 488 25742
read,45,56633,R 487 26485
read,46,53577,R 487 26101
read,47,95906,R False 66222
read,48,53495,R 487 25790
read,49,96405,R False 66190
read,50,53300,R 487 25688
read,51,50789,R 487 20813
read,52,55895,R 487 26489
read,53,53314,R 487 25801
read,54,50008,R 487 20347
read,55,50326,R 488 21048
read,56,95644,R False 66269
read,57,53495,R 486 25842
read,58,56770,R 487 26370
read,59,53565,R 487 26135
read,60,55837,R 487 26368
read,61,53528,R 488 25812
read,62,49891,R 487 20237
read,63,95908,R False 65787
read,64,53671,R 487 25538
read,65,96183,R False 66180
read,66,53643,R 487 25840
read,67,49937,R 486 20245
read,68,50574,R 487 21189
read,69,95504,R False 66260
read,70,53343,R 487 25727
read,71,56630,R 487 26654
read,72,53661,R 487 26093
read,73,95861,R False 66151
read,74,53844,R 487 25542
read,75,96023,R False 66299
read,76,52965,R 487 25408
read,77,51150,R 487 20818
read,78,55901,R 486 26796
read,79,53324,R 487 25816
read,80,49893,R 487 20143
read,81,50067,R 487 20872
read,82,95782,R False 66229
read,83,53268,R 487 25787
read,84,56772,R 487 26670
read,85,53647,R 486 26277
read,86,95909,R False 66169
read,87,53492,R 487 25783
read,88,96205,R False 66260
read,89,53545,R 487 25744
read,90,50363,R 487 20878
read,91,56133,R 487 26763
read,92,53325,R 487 25777
read,93,49922,R 488 20213
read,94,50310,R 487 20837
read,95,95301,R False 66252
read,96,53391,R 487 25676
read,97,96531,R False 66247
read,98,53151,R 488 25496
read,99,51037,R 487 20930
read,100,56032,R 485 26613
read,101,53162,R 487 25867
read,102,49891,R 487 20291
read,103,50246,R 487 20866
read,104,95721,R False 66237
read,105,53296,R 487 25623
read,106,56661,R 487 26655
read,107,53627,R 487 26087
read,108,95893,R False 66243
read,109,53520,R 487 25846
read,110,96377,R False 66237
read,111,53166,R 488 25593
read,112,50581,R 487 20923
read,113,56481,R 488 26929
read,114,52996,R 487 25774
read,115,50036,R 487 20291
read,116,50125,R 487 20932
read,117,95913,R False 66237
read,118,53466,R 487 25766
read,119,96193,R False 66239
read,120,53381,R 487 25707
read,121,50582,R 487 20793
read,122,55709,R 487 26400
read,123,53851,R 487 26104
read,124,49573,R 487 20227
read,125,50393,R 488 20891
read,126,95664,R False 66231
read,127,53508,R 487 25853
read,128,96447,R False 66201
read,129,53465,R 487 25402
read,130,50395,R 487 20850
read,131,95644,R False 66198
read,132,53515,R 487 25798
read,133,56682,R 486 26756
read,134,53801,R 487 26260
read,135,55700,R 488 26390
read,136,53686,R 487 25759
read,137,49905,R 487 20349
read,138,50223,R 487 21011
read,139,95704,R False 66265
read,140,53508,R 487 25783
read,141,56798,R 487 26309
read,142,53528,R 487 26114
read,143,95768,R False 66225
read,144,53631,R 487 25902
read,145,96215,R False 66257
read,146,53040,R 487 25550
read,147,51020,R 487 20872
read,148,55894,R 487 26550
read,149,53276,R 487 25804
read,150,49870,R 488 20239
read,151,50598,R 487 21181
read,152,95470,R False 66254
read,153,53363,R 487 25727
read,154,56412,R 487 26218
read,155,53845,R 487 26196
read,156,95857,R False 66200
read,157,53484,R 487 25749
read,158,96374,R False 66273
read,159,53191,R 487 25526
read,160,50721,R 487 20861
read,161,56099,R 487 26500
read,162,53299,R 487 25764
read,163,50071,R 486 20360
read,164,50417,R 487 21167
read,165,95518,R False 66270
read,166,53315,R 488 25783
read,167,56541,R 487 26270
read,168,53883,R 487 26187
read,169,95797,R False 66239
read,170,53482,R 487 25797
read,171,96410,R False 66249
read,172,53651,R 485 26098
read,173,50217,R 487 20898
read,174,56402,R 487 26503
read,175,53012,R 487 25787
read,176,49892,R 486 20247
read,177,50448,R 487 21027
read,178,95667,R False 66223
read,179,53476,R 487 25867
read,180,56609,R 487 26299
read,181,53671,R 487 26201
read,182,55898,R 487 26375
read,183,54220,R 487 26194
read,184,49354,R 486 20297
read,185,50064,R 487 20940
read,186,95864,R False 66227
read,187,53478,R 486 25754
read,188,96218,R False 66161
read,189,53496,R 487 25382
read,190,50730,R 487 20833
read,191,95496,R False 66254
read,192,53485,R 487 25800
read,193,96350,R False 66222
read,194,53336,R 487 25546
read,195,50562,R 487 20930
read,196,95774,R False 66130
read,197,53630,R 487 25600
read,198,96158,R False 66274
read,199,53332,R 487 25600
read,200,50566,R 487 20774
read,201,95769,R False 66264
read,202,53788,R 487 26067
read,203,96119,R False 66220
read,204,53143,R 487 25542
read,205,50686,R 486 20582
read,206,95858,R False 66246
read,207,53045,R 487 25768
read,208,96349,R False 66236
read,209,53332,R 487 25538
read,210,50742,R 487 20961
read,211,95677,R False 66253
read,212,53233,R 487 25799
read,213,56757,R 487 26379
read,214,53510,R 487 26173
read,215,95838,R False 66193
read,216,53095,R 487 25792
read,217,56627,R 487 26715
read,218,53459,R 487 26042
read,219,56749,R 487 26624
read,220,52997,R 488 25780
read,221,49898,R 487 20363
read,222,50235,R 487 20946
read,223,95810,R False 66282
read,224,53195,R 487 25846
read,225,56216,R 488 26364
read,226,54022,R 487 26248
read,227,95688,R False 66244
read,228,53182,R 487 25860
read,229,56217,R 487 26539
read,230,53837,R 487 26125
read,231,95828,R False 66251
read,232,53700,R 487 25832
read,233,96219,R False 66249
read,234,53216,R 487 25542
read,235,50724,R 488 20937
read,236,56342,R 487 26641
read,237,53065,R 487 25870
read,238,49900,R 487 20282
read,239,50254,R 487 20941
read,240,95848,R False 66240
read,241,53162,R 487 25857
read,242,56389,R 487 26566
read,243,53825,R 487 26277
read,244,55873,R 487 26349
read,245,53670,R 487 25808
read,246,49895,R 487 20355
read,247,95981,R False 66171
read,248,53845,R 487 25969
read,249,96008,R False 66203
read,250,53490,R 487 25731
read,251,50069,R 487 20315
read,252,50259,R 487 20848
read,253,95678,R False 66196
read,254,53696,R 487 25800
read,255,56519,R 487 26767
read,256,53472,R 487 26004
read,257,96003,R False 66233
read,258,53645,R 486 25801
read,259,96020,R False 66196
read,260,53334,R 487 25493
read,261,50696,R 487 20942
read,262,95845,R False 66192
read,263,53097,R 487 25907
read,264,96212,R False 66244
read,265,53227,R 487 25481
read,266,57430,R 487 26669
read,267,52698,R 487 25856
read,268,96203,R False 66242
read,269,53303,R 487 25570
read,270,50745,R 487 21038
read,271,95698,R False 66194
read,272,53490,R 487 25739
read,273,96129,R False 66191
read,274,53343,R 487 25561
read,275,50748,R 487 20914
read,276,95696,R False 66251
read,277,53600,R 486 25751
read,278,56328,R 487 26570
read,279,53876,R 487 26265
read,280,55911,R 487 26371
read,281,53668,R 487 25808
read,282,49899,R 488 20291
read,283,50226,R 487 20654
read,284,95638,R False 66200
read,285,53671,R 487 25856
read,286,96215,R False 66273
read,287,53154,R 488 25547
read,288,51124,R 487 21170
read,289,95486,R False 66273
read,290,53684,R 487 25975
read,291,56176,R 487 26298
read,292,53681,R 487 26112
read,293,95999,R False 66258
read,294,53494,R 487 25799
read,295,96170,R False 66246
read,296,53503,R 487 25735
read,297,50770,R 487 20832
read,298,56322,R 487 26700
read,299,52894,R 487 25704
read,300,49904,R 487 20245
read,301,50569,R 487 21107
read,302,95466,R False 66238
read,303,53283,R 487 25725
read,304,56956,R 487 26521
read,305,53464,R 487 26184
read,306,95790,R False 66196
read,307,53471,R 487 25800
read,308,56398,R 487 26531
read,309,53841,R 487 26123
read,310,56728,R 487 26538
read,311,53197,R 488 26069
read,312,49546,R 487 20243
read,313,50518,R 487 20986
read,314,95623,R False 66233
read,315,53328,R 487 25751
read,316,96363,R False 66164
read,317,53669,R 487 25465
read,318,50225,R 487 20935
read,319,95840,R False 66234
read,320,53471,R 487 25800
read,321,96439,R False 66254
read,322,53321,R 487 25737
read,323,50743,R 487 20839
read,324,56412,R 487 26683
read,325,52852,R 487 25838
read,326,49718,R 487 20243
read,327,50401,R 487 21028
read,328,95682,R False 66267
read,329,53509,R 488 25777
read,330,56412,R 487 26395
read,331,54003,R 487 26249
read,332,95638,R False 66207
read,333,53677,R 487 25890
read,334,56370,R 487 26424
read,335,53836,R 487 26186
read,336,95765,R False 66251
read,337,53530,R 487 25847
read,338,96136,R False 66224
read,339,53738,R 487 25902
read,340,50585,R 487 20823
read,341,56356,R 487 26653
read,342,52677,R 487 25770
read,343,50058,R 488 20300
read,344,52853,R 487 21192
read,345,53145,R 487 26374
read,346,53497,R 487 25453
read,347,49941,R 487 20287
read,348,50596,R 487 20827
read,349,56300,R 488 26989
read,350,52765,R 487 25871
read,351,49910,R 487 20010
read,352,50051,R 487 20934
read,353,95822,R False 66236
read,354,53512,R 487 25780
read,355,96173,R False 66242
read,356,53682,R 487 25884
read,357,50582,R 487 20842
read,358,55896,R 487 26541
read,359,53143,R 487 25772
read,360,50093,R 487 20247
read,361,50122,R 488 20839
read,362,95698,R False 66225
read,363,53516,R 487 25751
read,364,56392,R 487 26479
read,365,53912,R 487 26133
read,366,56036,R 487 26428
read,367,53504,R 487 25875
read,368,49895,R 487 20297
read,369,50225,R 487 21096
read,370,95729,R False 66224
read,371,53480,R 487 25883
read,372,56648,R 488 26345
read,373,53658,R 487 26204
read,374,95840,R False 66272
read,375,53499,R 487 25859
read,376,96198,R False 66179
read,377,53494,R 486 25763
read,378,50187,R 487 20932
read,379,95815,R False 66179
read,380,53489,R 487 25678
read,381,96376,R False 66262
read,382,53149,R 487 25522
read,383,50216,R 487 20791
read,384,56258,R 487 26967
read,385,53153,R 487 25801
read,386,49897,R 487 20209
read,387,50060,R 488 20887
read,388,95819,R False 66248
read,389,53458,R 488 25860
read,390,56776,R 486 26850
read,391,53550,R 487 26174
read,392,56504,R 487 26591
read,393,53011,R 487 25857
read,394,49890,R 487 20301
read,395,50208,R 487 20971
read,396,95609,R False 66247
read,397,53519,R 487 25756
read,398,96323,R False 66157
read,399,53313,R 487 25619
read,400,50497,R 487 20850
read,401,94923,R False 66202
read,402,53459,R 487 25785
read,403,56651,R 487 26420
read,404,53793,R 487 26164
read,405,95831,R False 66219
read,406,53461,R 487 25842
read,407,96334,R False 66265
read,408,53492,R 487 25822
read,409,50462,R 487 20872
read,410,55477,R 487 26557
read,411,53144,R 487 25799
read,412,49899,R 487 20250
read,413,50483,R 487 21163
read,414,94961,R False 66228
read,415,53459,R 487 25865
read,416,56573,R 487 26299
read,417,53825,R 488 26202
read,418,95875,R False 66228
read,419,53444,R 488 25868
read,420,96197,R False 66272
read,421,53033,R 487 25517
read,422,50831,R 487 20879
read,423,56154,R 487 26460
read,424,53296,R 487 25781
read,425,49878,R 487 20256
read,426,50267,R 488 21043
read,427,95633,R False 66263
read,428,53298,R 487 25716
read,429,56778,R 487 26267
read,430,53668,R 487 26172
read,431,95801,R False 66242
read,432,53493,R 488 25875
read,433,96200,R False 66249
read,434,53360,R 487 25826
read,435,50100,R 487 20791
read,436,56400,R 487 26658
read,437,52978,R 487 25797
read,438,49879,R 487 20241
read,439,95982,R False 66216
read,440,53841,R 487 26098
read,441,95834,R False 66220
read,442,53648,R 488 25897
read,443,49914,R 487 19924
read,444,50425,R 487 20810
read,445,95321,R False 66186
read,446,53456,R 486 25676
read,447,56666,R 487 26679
read,448,53787,R 487 26208
read,449,95826,R False 66267
read,450,53485,R 487 25842
read,451,56607,R 487 26725
read,452,53675,R 487 26112
read,453,56098,R 487 26758
read,454,53277,R 487 25784
read,455,49919,R 487 20284
read,456,50009,R 487 20938
read,457,95840,R False 66202
read,458,53328,R 487 25755
read,459,56672,R 487 26620
read,460,53801,R 487 26216
read,461,95776,R False 66248
read,462,53330,R 487 25785
read,463,56765,R 487 26683
read,464,53466,R 487 26056
read,465,56139,R 487 26404
read,466,53704,R 487 25849
read,467,49716,R 487 20295
read,468,50077,R 487 20956
read,469,95737,R False 66249
read,470,53501,R 487 25863
read,471,96156,R False 66127
read,472,53315,R 487 25579
read,473,50917,R 487 21195
read,474,95457,R False 66235
read,475,53294,R 488 25814
read,476,56911,R 488 26486
read,477,53618,R 487 26118
read,478,95673,R False 66204
read,479,53462,R 487 25741
read,480,96384,R False 66226
read,481,53301,R 485 25793
read,482,50628,R 487 20887
read,483,56036,R 488 26462
read,484,53277,R 487 25790
read,485,49909,R 487 20261
read,486,50084,R 487 21073
read,487,95842,R False 66222
read,488,53181,R 487 25776
read,489,56654,R 487 26232
read,490,53879,R 487 26260
read,491,55644,R 487 26358
read,492,53671,R 487 25814
read,493,49870,R 488 20286
read,494,50495,R 487 20829
read,495,95710,R False 66255
read,496,53302,R 487 25743
read,497,96383,R False 66318
read,498,53167,R 487 25514
read,499,96433,R False 66101
read,500,53893,R 487 25998
read,501,96024,R False 66214
read,502,53679,R 487 25874
read,503,49900,R 487 20129
read,504,50070,R 487 20866
read,505,95648,R False 66215
read,506,53493,R 487 25798
read,507,56550,R 487 26572
read,508,53904,R 487 26195
read,509,55660,R 487 26396
read,510,53496,R 487 25766
read,511,49926,R 487 20252
read,512,95757,R False 66224
read,513,53662,R 487 25912
read,514,96230,R False 66242
read,515,53496,R 487 25754
read,516,49896,R 487 20008
read,517,50521,R 488 20919
read,518,95553,R False 66208
read,519,53695,R 487 25852
read,520,56352,R 487 26651
read,521,54019,R 487 26120
read,522,95583,R False 66189
read,523,53666,R 487 25839
read,524,96200,R False 66205
read,525,52928,R 486 25389
read,526,51108,R 487 20883
read,527,56054,R 488 26969
read,528,53142,R 487 25870
read,529,49927,R 487 20134
read,530,50126,R 488 20819
read,531,95491,R False 66193
read,532,53464,R 487 25740
read,533,56669,R 487 26745
read,534,53912,R 487 26213
read,535,55923,R 485 26553
read,536,53297,R 487 25775
read,537,49896,R 487 20260
read,538,96180,R False 66212
read,539,53669,R 487 25896
read,540,95996,R False 66241
read,541,53706,R 486 25853
read,542,50085,R 487 20313
read,543,50044,R 488 20924
read,544,95881,R False 66241
read,545,53464,R 487 25741
read,546,56674,R 487 26679
read,547,53624,R 487 26255
read,548,56405,R 487 26495
read,549,53181,R 486 26008
read,550,49772,R 487 20236
read,551,50235,R 487 20881
read,552,95706,R False 66242
read,553,53587,R 487 25789
read,554,56690,R 487 26378
read,555,53871,R 487 26396
read,556,95514,R False 66187
read,557,53540,R 487 25791
read,558,56685,R 487 26241
read,559,53549,R 487 26141
read,560,95875,R False 66211
read,561,53441,R 487 25705
read,562,96243,R False 66187
read,563,53028,R 487 25561
read,564,50915,R 487 20825
read,565,56017,R 487 26621
read,566,53234,R 487 25879
read,567,49869,R 485 20291
read,568,50449,R 488 21139
read,569,95447,R False 66178
read,570,53586,R 487 25740
read,571,96196,R False 66240
read,572,53015,R 487 25692
read,573,50528,R 487 20793
read,574,56596,R 487 26602
read,575,52805,R 487 25757
read,576,50050,R 488 20240
read,577,50595,R 487 21156
read,578,95347,R False 66223
read,579,53570,R 487 25680
read,580,56751,R 488 26258
read,581,53404,R 487 26129
read,582,56085,R 487 26384
read,583,53523,R 487 25865
read,584,50053,R 487 20299
read,585,50032,R 487 20821
read,586,95861,R False 66244
read,587,53500,R 487 25685
read,588,96327,R False 66261
read,589,53141,R 487 25463
read,590,50740,R 487 20847
read,591,95923,R False 66287
read,592,53379,R 488 25787
read,593,56329,R 487 26336
read,594,54223,R 487 26471
read,595,55562,R 487 26349
read,596,53657,R 488 25475
read,597,49897,R 487 20287
read,598,50470,R 487 20824
read,599,95436,R False 66235
read,600,54030,R 487 26208
read,601,95663,R False 66285
read,602,52975,R 488 25425
read,603,50761,R 487 20826
read,604,95686,R False 66229
read,605,53661,R 487 25916
read,606,56752,R 487 26401
read,607,53336,R 487 26219
read,608,95915,R False 66190
read,609,53506,R 487 25790
read,610,96200,R False 66236
read,611,53669,R 487 25910
read,612,50234,R 487 20877
read,613,56428,R 487 26522
read,614,52998,R 487 25771
read,615,49899,R 487 20263
read,616,50346,R 487 21000
read,617,95745,R False 66278
read,618,53552,R 487 25893
read,619,56401,R 487 26269
read,620,53602,R 487 26023
read,621,96111,R False 66242
read,622,53648,R 487 25880
read,623,56359,R 487 26679
read,624,53671,R 487 26198
read,625,55918,R 487 26388
read,626,54056,R 488 26102
read,627,49541,R 488 20262
read,628,96175,R False 65913
read,629,53640,R 487 25989
read,630,96177,R False 66243
read,631,53488,R 487 25763
read,632,50329,R 488 20116
read,633,50186,R 487 20832
read,634,95437,R False 66189
read,635,53514,R 487 25764
read,636,56430,R 487 26255
read,637,53840,R 486 26135
read,638,95896,R False 66232
read,639,53567,R 486 25802
read,640,56530,R 487 26651
read,641,53703,R 487 26175
read,642,55912,R 488 26439
read,643,53813,R 487 26011
read,644,49797,R 487 20294
read,645,95980,R False 65864
read,646,53690,R 487 25568
read,647,96122,R False 66168
read,648,53691,R 487 25932
read,649,49922,R 487 20268
read,650,50402,R 487 21047
read,651,95691,R False 66261
read,652,53472,R 487 25721
read,653,56655,R 487 26394
read,654,53632,R 488 26208
read,655,95782,R False 66224
read,656,53661,R 487 25934
read,657,96127,R False 66267
read,658,53324,R 487 25632
read,659,50533,R 487 20782
read,660,95865,R False 66222
read,661,53669,R 487 25817
read,662,96198,R False 66211
read,663,53471,R 487 25828
read,664,50403,R 487 20937
read,665,56600,R 488 26469
read,666,52929,R 486 25886
read,667,49898,R 487 20282
read,668,50191,R 487 21009
read,669,95642,R False 66202
read,670,53675,R 487 25755
read,671,56273,R 487 26390
read,672,54012,R 487 26268
read,673,95646,R False 66278
read,674,53653,R 487 25854
read,675,56598,R 487 26706
read,676,53633,R 487 26225
read,677,95812,R False 66192
read,678,53572,R 487 25748
read,679,96241,R False 66162
read,680,53345,R 487 25750
read,681,50553,R 488 20861
read,682,56212,R 486 26618
read,683,53118,R 487 25763
read,684,50009,R 487 20248
read,685,50577,R 487 20836
read,686,95432,R False 66228
read,687,53633,R 487 25788
read,688,56403,R 487 26741
read,689,53678,R 487 26281
read,690,55914,R 488 26358
read,691,53834,R 487 25935
read,692,49691,R 487 20293
read,693,96201,R False 66271
read,694,53682,R 488 25990
read,695,96162,R False 66198
read,696,53679,R 487 25869
read,697,49899,R 487 20195
read,698,50207,R 487 20866
read,699,95649,R False 66219
read,700,53783,R 488 25792
read,701,56117,R 487 26371
read,702,53833,R 487 26163
read,703,56736,R 487 26482
read,704,53218,R 487 26076
read,705,49570,R 487 20291
read,706,96149,R False 65894
read,707,53628,R 487 25616
read,708,96149,R False 66172
read,709,53663,R 487 25849
read,710,49870,R 487 20244
read,711,50394,R 487 20978
read,712,95618,R False 66264
read,713,53731,R 487 25797
read,714,56163,R 487 26235
read,715,53997,R 487 26270
read,716,95663,R False 66193
read,717,53757,R 487 25793
read,718,56163,R 486 26595
read,719,54001,R 487 26250
read,720,55915,R 487 26404
read,721,53484,R 487 25779
read,722,49847,R 486 20241
read,723,50212,R 487 20854
read,724,95793,R False 66256
read,725,53351,R 487 25665
read,726,56892,R 488 26255
read,727,53644,R 487 26171
read,728,95779,R False 66193
read,729,53257,R 486 25732
read,730,56642,R 487 26542
read,731,53635,R 487 26049
read,732,56231,R 487 26482
read,733,53634,R 487 25998
read,734,49721,R 487 20268
read,735,50249,R 487 20932
read,736,95800,R False 66250
read,737,53493,R 488 25846
read,738,96335,R False 66224
read,739,53216,R 487 25545
read,740,50882,R 487 21143
read,741,95595,R False 66228
read,742,53459,R 487 25899
read,743,96186,R False 66172
read,744,53374,R 486 25442
read,745,50867,R 487 21148
read,746,95575,R False 66273
read,747,53470,R 488 25845
read,748,56437,R 487 26656
read,749,53839,R 487 26193
read,750,95823,R False 66194
read,751,53464,R 487 25727
read,752,96159,R False 66112
read,753,53475,R 487 25678
read,754,50815,R 488 20832
read,755,55807,R 487 26452
read,756,53314,R 487 25809
read,757,49844,R 487 20253
read,758,50745,R 487 21199
read,759,95462,R False 66277
read,760,53320,R 487 25699
read,761,56929,R 487 26529
read,762,53298,R 487 26172
read,763,95962,R False 66125
read,764,53489,R 487 25804
read,765,96353,R False 66180
read,766,53302,R 487 25653
read,767,50552,R 487 20867
read,768,56255,R 487 26653
read,769,53141,R 487 25780
read,770,49896,R 487 20238
read,771,50601,R 487 20835
read,772,95414,R False 66212
read,773,53530,R 487 25752
read,774,56730,R 487 26680
read,775,53609,R 487 26261
read,776,56024,R 487 26419
read,777,53459,R 487 25908
read,778,49870,R 487 20299
read,779,50532,R 487 20900
read,780,95539,R False 66204
read,781,53468,R 487 25746
read,782,56567,R 487 26192
read,783,53657,R 487 26195
read,784,95997,R False 66265
read,785,53468,R 487 25859
read,786,96144,R False 66199
read,787,53501,R 487 25752
read,788,50251,R 486 20855
read,789,55693,R 486 26314
read,790,54023,R 487 26170
read,791,49557,R 487 20281
read,792,96041,R False 66232
read,793,53647,R 487 25939
read,794,96323,R False 66205
read,795,53478,R 487 25850
read,796,49902,R 488 20240
read,797,50347,R 488 20816
read,798,95448,R False 66208
read,799,53523,R 487 25802
read,800,56739,R 487 26824
read,801,53755,R 487 26126
read,802,55867,R 488 26443
read,803,53461,R 488 25867
read,804,49893,R 487 20296
read,805,50010,R 487 20985
read,806,95632,R False 66201
read,807,53474,R 488 25782
read,808,96304,R False 66185
read,809,53025,R 487 25436
read,810,51150,R 487 21195
read,811,95309,R False 66214
read,812,53644,R 487 25894
read,813,56697,R 488 26410
read,814,53786,R 487 26190
read,815,95483,R False 66215
read,816,53501,R 487 25751
read,817,56867,R 487 26515
read,818,53451,R 488 26263
read,819,95855,R False 66286
read,820,53487,R 487 25801
read,821,96250,R False 66130
read,822,53033,R 487 25706
read,823,50798,R 487 20841
read,824,55962,R 487 26487
read,825,53237,R 487 25873
read,826,49882,R 487 20300
read,827,49834,R 488 21108
read,828,95625,R False 66173
read,829,53459,R 487 25885
read,830,56603,R 487 26214
read,831,53851,R 487 26203
read,832,95649,R False 66235
read,833,53458,R 487 25796
read,834,96328,R False 66197
read,835,53127,R 487 25577
read,836,50730,R 487 20925
read,837,55960,R 487 26339
read,838,53299,R 487 25830
read,839,50015,R 487 20289
read,840,95736,R False 66191
read,841,53771,R 487 25993
read,842,96099,R False 66210
read,843,53500,R 488 25779
read,844,50060,R 487 20246
read,845,50269,R 487 20865
read,846,95463,R False 66204
read,847,53481,R 487 25845
read,848,56891,R 487 26675
read,849,53556,R 488 26102
read,850,55792,R 487 26346
read,851,53649,R 487 25905
read,852,49818,R 487 20296
read,853,50117,R 487 20776
read,854,95566,R False 66183
read,855,53490,R 487 25685
read,856,96429,R False 66250
read,857,52995,R 487 25534
read,858,51041,R 487 21118
read,859,95437,R False 66251
read,860,53458,R 487 25730
read,861,56571,R 487 26443
read,862,53634,R 487 26136
read,863,56070,R 487 26375
read,864,53647,R 488 25968
read,865,49870,R 487 20282
read,866,50083,R 487 20578
read,867,95672,R False 66247
read,868,53460,R 487 25802
read,869,96322,R False 66262
read,870,52939,R 487 25391
read,871,51138,R 487 20835
read,872,95458,R False 66258
read,873,53460,R 488 25843
read,874,56689,R 487 26610
read,875,53779,R 487 26121
read,876,55754,R 487 26382
read,877,53800,R 487 26108
read,878,49742,R 487 20300
read,879,95761,R False 65917
read,880,53875,R 487 25684
read,881,96023,R False 66177
read,882,53527,R 487 25854
read,883,50044,R 487 20256
read,884,50295,R 487 21167
read,885,95506,R False 66268
read,886,53222,R 487 25636
read,887,56884,R 487 26361
read,888,53891,R 487 26355
read,889,95407,R False 66174
read,890,53510,R 487 25807
read,891,56729,R 487 26173
read,892,53825,R 487 26214
read,893,95421,R False 66252
read,894,53713,R 487 25835
read,895,56606,R 487 26387
read,896,53835,R 488 26246
read,897,56004,R 488 26497
read,898,53272,R 487 25868
read,899,49898,R 487 20303
read,900,50160,R 487 21183
read,901,95478,R False 66227
read,902,53315,R 487 25731
read,903,56804,R 487 26434
read,904,53835,R 487 26197
read,905,95573,R False 66254
read,906,53462,R 487 25889
read,907,56709,R 487 26442
read,908,53479,R 487 26167
read,909,55959,R 487 26414
read,910,54002,R 487 26133
read,911,49564,R 487 20282
read,912,95809,R False 66017
read,913,53673,R 487 26046
read,914,96000,R False 66145
read,915,53664,R 487 25854
read,916,49864,R 487 20243
read,917,50608,R 487 21111
read,918,95434,R False 66234
read,919,53440,R 487 25789
read,920,56913,R 487 26535
read,921,53767,R 487 26134
read,922,55734,R 487 26463
read,923,53486,R 486 25827
read,924,49893,R 487 20293
read,925,96126,R False 65701
read,926,53408,R 487 25596
read,927,96130,R False 66190
read,928,53460,R 488 25750
read,929,49991,R 487 20255
read,930,50753,R 487 21073
read,931,95294,R False 66263
read,932,53597,R 487 25687
read,933,56820,R 487 26332
read,934,53900,R 487 26306
read,935,95306,R False 66190
read,936,53582,R 487 25863
read,937,96192,R False 66130
read,938,53325,R 487 25814
read,939,50776,R 487 20860
read,940,55446,R 487 26331
read,941,53460,R 487 25778
read,942,49855,R 487 20243
read,943,50887,R 487 20986
read,944,95261,R False 66229
read,945,53537,R 487 25832
read,946,56849,R 487 26458
read,947,53466,R 487 26131
read,948,95779,R False 66177
read,949,53498,R 487 25862
read,950,96223,R False 66247
read,951,53459,R 487 26080
read,952,50612,R 488 20906
read,953,56147,R 487 26608
read,954,52783,R 488 25812
read,955,50057,R 487 20355
read,956,50487,R 487 20982
read,957,95387,R False 66257
read,958,53447,R 487 25750
read,959,56897,R 487 26400
read,960,53463,R 487 26177
read,961,95755,R False 66232
read,962,53436,R 487 25759
read,963,56900,R 487 26866
read,964,53597,R 487 26129
read,965,95675,R False 66119
read,966,53795,R 488 25853
read,967,95988,R False 66243
read,968,53374,R 488 25589
read,969,51076,R 487 20927
read,970,55806,R 487 26556
read,971,53186,R 488 25860
read,972,49904,R 487 20308
read,973,50536,R 487 21256
read,974,95425,R False 66234
read,975,53768,R 487 25859
read,976,56693,R 487 26261
read,977,53444,R 487 26283
read,978,95597,R False 66115
read,979,53836,R 487 25787
read,980,96008,R False 66211
read,981,53451,R 487 25734
read,982,50593,R 487 20916
read,983,95615,R False 66161
read,984,53865,R 487 25719
read,985,96101,R False 66276
read,986,52824,R 488 25798
read,987,50746,R 487 20839
read,988,56089,R 487 26518
read,989,53119,R 487 25790
read,990,50057,R 486 20349
read,991,50397,R 487 21221
read,992,95271,R False 66219
read,993,53803,R 487 25756
read,994,56737,R 487 26498
read,995,53343,R 487 26114
read,996,95749,R False 66200
read,997,53759,R 487 25869
read,998,56779,R 487 26620
read,999,53392,R 487 26130
read,1000,55831,R 487 26303
write,1,29829,W
write,2,24972,W
write,3,28278,W
write,4,26644,W
write,5,30183,W
write,6,24594,W
write,7,28470,W
write,8,26222,W
write,9,29997,W
write,10,30168,W
write,11,24724,W
write,12,26089,W
write,13,28900,W
write,14,24886,W
write,15,28208,W
write,16,26623,W
write,17,29461,W
write,18,24849,W
write,19,28479,W
write,20,26391,W
write,21,31021,W
write,22,23825,W
write,23,28290,W
write,24,26921,W
write,25,29340,W
write,26,25052,W
write,27,28794,W
write,28,25872,W
write,29,29924,W
write,30,25064,W
write,31,28165,W
write,32,26513,W
write,33,29960,W
write,34,24851,W
write,35,28473,W
write,36,26396,W
write,37,29843,W
write,38,25054,W
write,39,28295,W
write,40,26691,W
write,41,29551,W
write,42,24677,W
write,43,28494,W
write,44,26398,W
write,45,29745,W
write,46,30399,W
write,47,24582,W
write,48,26219,W
write,49,29152,W
write,50,24354,W
write,51,28265,W
write,52,27121,W
write,53,29298,W
write,54,24878,W
write,55,28440,W
write,56,26208,W
write,57,30147,W
write,58,24758,W
write,59,28498,W
write,60,26545,W
write,61,29597,W
write,62,25081,W
write,63,28856,W
write,64,25873,W
write,65,29996,W
write,66,30121,W
write,67,24535,W
write,68,26338,W
write,69,29844,W
write,70,23652,W
write,71,28449,W
write,72,26597,W
write,73,29449,W
write,74,24834,W
write,75,28493,W
write,76,26367,W
write,77,30326,W
write,78,24550,W
write,79,28329,W
write,80,27002,W
write,81,29387,W
write,82,24881,W
write,83,28655,W
write,84,26097,W
write,85,29993,W
write,86,25121,W
write,87,27997,W
write,88,26224,W
write,89,30163,W
write,90,24668,W
write,91,28506,W
write,92,26493,W
write,93,29651,W
write,94,25068,W
write,95,28396,W
write,96,26371,W
write,97,30168,W
write,98,24679,W
write,99,28249,W
write,100,27116,W
write,101,29322,W
write,102,24886,W
write,103,28452,W
write,104,26367,W
write,105,30187,W
write,106,24502,W
write,107,28494,W
write,108,26398,W
write,109,29742,W
write,110,24920,W
write,111,28835,W
write,112,26124,W
write,113,29874,W
write,114,25081,W
write,115,28230,W
write,116,26446,W
write,117,30005,W
write,118,24876,W
write,119,28616,W
write,120,26025,W
write,121,29997,W
write,122,30274,W
write,123,24592,W
write,124,26229,W
write,125,28732,W
write,126,24721,W
write,127,28339,W
write,128,26442,W
write,129,29850,W
write,130,25025,W
write,131,28272,W
write,132,26412,W
write,133,30172,W
write,134,24703,W
write,135,28247,W
write,136,27145,W
write,137,29294,W
write,138,24849,W
write,139,28826,W
write,140,25866,W
write,141,29969,W
write,142,24872,W
write,143,28501,W
write,144,26457,W
write,145,29849,W
write,146,25022,W
write,147,28617,W
write,148,26061,W
write,149,29992,W
write,150,30209,W
write,151,24660,W
write,152,26055,W
write,153,29307,W
write,154,24321,W
write,155,28275,W
write,156,27098,W
write,157,29257,W
write,158,24962,W
write,159,28470,W
write,160,26214,W
write,161,29998,W
write,162,24879,W
write,163,28260,W
write,164,26431,W
write,165,30016,W
write,166,24849,W
write,167,28472,W
write,168,26216,W
write,169,29842,W
write,170,30430,W
write,171,24633,W
write,172,26050,W
write,173,28936,W
write,174,24561,W
write,175,28496,W
write,176,26486,W
write,177,29881,W
write,178,25020,W
write,179,28272,W
write,180,26441,W
write,181,30179,W
write,182,24697,W
write,183,28434,W
write,184,26609,W
write,185,29324,W
write,186,24996,W
write,187,28481,W
write,188,26224,W
write,189,29954,W
write,190,24897,W
write,191,28581,W
write,192,26173,W
write,193,29862,W
write,194,25065,W
write,195,28808,W
write,196,25915,W
write,197,29976,W
write,198,30351,W
write,199,24480,W
write,200,26234,W
write,201,29500,W
write,202,24081,W
write,203,28549,W
write,204,26805,W
write,205,29369,W
write,206,24915,W
write,207,28517,W
write,208,26335,W
write,209,30530,W
write,210,24366,W
write,211,28539,W
write,212,26975,W
write,213,29148,W
write,214,24880,W
write,215,28634,W
write,216,26231,W
write,217,29843,W
write,218,25023,W
write,219,28438,W
write,220,26225,W
write,221,29803,W
write,222,25070,W
write,223,28920,W
write,224,25895,W
write,225,29990,W
write,226,30309,W
write,227,24411,W
write,228,26255,W
write,229,28793,W
write,230,24677,W
write,231,28536,W
write,232,26500,W
write,233,29674,W
write,234,24847,W
write,235,28567,W
write,236,26304,W
write,237,29776,W
write,238,24890,W
write,239,28721,W
write,240,26273,W
write,241,29825,W
write,242,25019,W
write,243,28457,W
write,244,26206,W
write,245,29818,W
write,246,30530,W
write,247,24514,W
write,248,26077,W
write,249,29315,W
write,250,24185,W
write,251,28570,W
write,252,26594,W
write,253,29304,W
write,254,25050,W
write,255,28541,W
write,256,26240,W
write,257,29851,W
write,258,24957,W
write,259,28321,W
write,260,26438,W
write,261,29783,W
write,262,25053,W
write,263,28432,W
write,264,26245,W
write,265,29990,W
write,266,25022,W
write,267,28271,W
write,268,26394,W
write,269,29807,W
write,270,25061,W
write,271,28282,W
write,272,26383,W
write,273,29813,W
write,274,25034,W
write,275,28441,W
write,276,26379,W
write,277,30514,W
write,278,24336,W
write,279,28345,W
write,280,26251,W
write,281,29469,W
write,282,25000,W
write,283,28799,W
write,284,26070,W
write,285,29804,W
write,286,25027,W
write,287,28366,W
write,288,26315,W
write,289,29987,W
write,290,24845,W
write,291,28947,W
write,292,25584,W
write,293,29793,W
write,294,29998,W
write,295,25004,W
write,296,26193,W
write,297,28772,W
write,298,24674,W
write,299,28441,W
write,300,26227,W
write,301,30001,W
write,302,24859,W
write,303,28511,W
write,304,26340,W
write,305,30495,W
write,306,24347,W
write,307,28438,W
write,308,26902,W
write,309,29301,W
write,310,25018,W
write,311,28769,W
write,312,25516,W
write,313,29872,W
write,314,25047,W
write,315,28438,W
write,316,26223,W
write,317,30022,W
write,318,24869,W
write,319,28448,W
write,320,26394,W
write,321,29796,W
write,322,30322,W
write,323,24504,W
write,324,26232,W
write,325,28967,W
write,326,24518,W
write,327,28463,W
write,328,26545,W
write,329,29646,W
write,330,25199,W
write,331,28215,W
write,332,26276,W
write,333,30320,W
write,334,24524,W
write,335,28453,W
write,336,26899,W
write,337,29245,W
write,338,25064,W
write,339,28410,W
write,340,26282,W
write,341,30014,W
write,342,24860,W
write,343,28470,W
write,344,26335,W
write,345,29800,W
write,346,25009,W
write,347,28443,W
write,348,26220,W
write,349,29985,W
write,350,29822,W
write,351,25004,W
write,352,26228,W
write,353,28963,W
write,354,24500,W
write,355,28435,W
write,356,26216,W
write,357,29990,W
write,358,25235,W
write,359,27893,W
write,360,26351,W
write,361,30331,W
write,362,24509,W
write,363,28157,W
write,364,26884,W
write,365,29343,W
write,366,24847,W
write,367,28507,W
write,368,26356,W
write,369,29793,W
write,370,25057,W
write,371,28058,W
write,372,26259,W
write,373,29872,W
write,374,25012,W
write,375,28949,W
write,376,25520,W
write,377,29836,W
write,378,25011,W
write,379,28024,W
write,380,26337,W
write,381,30183,W
write,382,24680,W
write,383,28458,W
write,384,26226,W
write,385,29871,W
write,386,25017,W
write,387,28462,W
write,388,26221,W
write,389,30686,W
write,390,24197,W
write,391,28451,W
write,392,26592,W
write,393,29657,W
write,394,24879,W
write,395,28432,W
write,396,26407,W
write,397,29992,W
write,398,24855,W
write,399,28388,W
write,400,26472,W
write,401,29819,W
write,402,24851,W
write,403,28769,W
write,404,26036,W
write,405,29821,W
write,406,25024,W
write,407,28010,W
write,408,26667,W
write,409,29467,W
write,410,25052,W
write,411,28939,W
write,412,25384,W
write,413,30018,W
write,414,25014,W
write,415,27992,W
write,416,26385,W
write,417,29844,W
write,418,24855,W
write,419,28575,W
write,420,26293,W
write,421,30010,W
write,422,29673,W
write,423,25033,W
write,424,26227,W
write,425,29151,W
write,426,24348,W
write,427,28293,W
write,428,26413,W
write,429,29988,W
write,430,29985,W
write,431,24855,W
write,432,26245,W
write,433,28772,W
write,434,24676,W
write,435,28431,W
write,436,26923,W
write,437,29154,W
write,438,25032,W
write,439,28603,W
write,440,26075,W
write,441,30113,W
write,442,24875,W
write,443,28465,W
write,444,26218,W
write,445,29829,W
write,446,25050,W
write,447,28618,W
write,448,26072,W
write,449,29987,W
write,450,29865,W
write,451,25054,W
write,452,26067,W
write,453,28979,W
write,454,24518,W
write,455,28597,W
write,456,26291,W
write,457,29816,W
write,458,29845,W
write,459,25030,W
write,460,26202,W
write,461,29321,W
write,462,24174,W
write,463,28510,W
write,464,26505,W
write,465,29362,W
write,466,24853,W
write,467,28752,W
write,468,25972,W
write,469,30041,W
write,470,24849,W
write,471,28756,W
write,472,26304,W
write,473,29354,W
write,474,24857,W
write,475,28759,W
write,476,26122,W
write,477,29836,W
write,478,25062,W
write,479,28174,W
write,480,26104,W
write,481,29857,W
write,482,24837,W
write,483,28888,W
write,484,26000,W
write,485,29883,W
write,486,30089,W
write,487,24744,W
write,488,26289,W
write,489,29149,W
write,490,24349,W
write,491,28680,W
write,492,26675,W
write,493,29325,W
write,494,24896,W
write,495,28725,W
write,496,25965,W
write,497,29861,W
write,498,25019,W
write,499,28493,W
write,500,26197,W
write,501,30043,W
write,502,24867,W
write,503,28805,W
write,504,26074,W
write,505,29847,W
write,506,30049,W
write,507,24819,W
write,508,26252,W
write,509,28963,W
write,510,24537,W
write,511,28662,W
write,512,26027,W
write,513,29864,W
write,514,25023,W
write,515,28696,W
write,516,25973,W
write,517,30532,W
write,518,24348,W
write,519,28729,W
write,520,26638,W
write,521,29332,W
write,522,24863,W
write,523,28594,W
write,524,26105,W
write,525,30021,W
write,526,24877,W
write,527,28580,W
write,528,26461,W
write,529,29196,W
write,530,25058,W
write,531,28609,W
write,532,26038,W
write,533,30009,W
write,534,24897,W
write,535,28671,W
write,536,26245,W
write,537,29814,W
write,538,24894,W
write,539,28798,W
write,540,25894,W
write,541,30005,W
write,542,25063,W
write,543,28511,W
write,544,26017,W
write,545,30007,W
write,546,24872,W
write,547,28682,W
write,548,26158,W
write,549,29889,W
write,550,29812,W
write,551,25021,W
write,552,26263,W
write,553,28791,W
write,554,24667,W
write,555,28305,W
write,556,26390,W
write,557,30046,W
write,558,24829,W
write,559,28455,W
write,560,26220,W
write,561,29972,W
write,562,24851,W
write,563,28432,W
write,564,27118,W
write,565,29117,W
write,566,25054,W
write,567,28634,W
write,568,26032,W
write,569,29840,W
write,570,25242,W
write,571,28294,W
write,572,26261,W
write,573,30188,W
write,574,24678,W
write,575,28493,W
write,576,26220,W
write,577,30000,W
write,578,29824,W
write,579,25050,W
write,580,26254,W
write,581,29142,W
write,582,24323,W
write,583,28256,W
write,584,26763,W
write,585,29355,W
write,586,24872,W
write,587,28287,W
write,588,26378,W
write,589,30234,W
write,590,24549,W
write,591,28518,W
write,592,27114,W
write,593,29167,W
write,594,25022,W
write,595,28277,W
write,596,26394,W
write,597,29818,W
write,598,25039,W
write,599,28314,W
write,600,26420,W
write,601,29831,W
write,602,25031,W
write,603,28495,W
write,604,26235,W
write,605,30008,W
write,606,29732,W
write,607,25164,W
write,608,26048,W
write,609,28793,W
write,610,24681,W
write,611,28472,W
write,612,26578,W
write,613,29644,W
write,614,24837,W
write,615,28444,W
write,616,26392,W
write,617,30358,W
write,618,24477,W
write,619,28331,W
write,620,27075,W
write,621,29088,W
write,622,24865,W
write,623,28463,W
write,624,26314,W
write,625,29925,W
write,626,24903,W
write,627,28412,W
write,628,26391,W
write,629,29911,W
write,630,24910,W
write,631,28457,W
write,632,26324,W
write,633,29915,W
write,634,25033,W
write,635,28270,W
write,636,26375,W
write,637,30595,W
write,638,24186,W
write,639,28429,W
write,640,27086,W
write,641,28978,W
write,642,24794,W
write,643,28679,W
write,644,26246,W
write,645,29819,W
write,646,25025,W
write,647,28354,W
write,648,26551,W
write,649,29809,W
write,650,24874,W
write,651,28794,W
write,652,25898,W
write,653,29993,W
write,654,24995,W
write,655,28293,W
write,656,26262,W
write,657,30194,W
write,658,24703,W
write,659,28421,W
write,660,26282,W
write,661,29997,W
write,662,25010,W
write,663,28272,W
write,664,26456,W
write,665,30347,W
write,666,24545,W
write,667,28258,W
write,668,26604,W
write,669,29596,W
write,670,25125,W
write,671,28447,W
write,672,26258,W
write,673,29808,W
write,674,25051,W
write,675,28291,W
write,676,26396,W
write,677,29859,W
write,678,25021,W
write,679,28641,W
write,680,26045,W
write,681,29970,W
write,682,30109,W
write,683,24722,W
write,684,26246,W
write,685,29125,W
write,686,24341,W
write,687,28310,W
write,688,27073,W
write,689,29167,W
write,690,24851,W
write,691,28429,W
write,692,26238,W
write,693,30141,W
write,694,24816,W
write,695,28318,W
write,696,26904,W
write,697,29131,W
write,698,24875,W
write,699,28812,W
write,700,25872,W
write,701,29847,W
write,702,25011,W
write,703,28499,W
write,704,26252,W
write,705,30021,W
write,706,24850,W
write,707,28636,W
write,708,26074,W
write,709,29997,W
write,710,30190,W
write,711,24681,W
write,712,26010,W
write,713,29031,W
write,714,24589,W
write,715,28441,W
write,716,26212,W
write,717,30017,W
write,718,24851,W
write,719,28479,W
write,720,26238,W
write,721,30352,W
write,722,24493,W
write,723,28461,W
write,724,27105,W
write,725,29014,W
write,726,25045,W
write,727,28305,W
write,728,26417,W
write,729,29948,W
write,730,24947,W
write,731,28260,W
write,732,26784,W
write,733,29641,W
write,734,24834,W
write,735,28509,W
write,736,26215,W
write,737,29821,W
write,738,25050,W
write,739,28458,W
write,740,26412,W
write,741,29835,W
write,742,24879,W
write,743,28455,W
write,744,26259,W
write,745,29874,W
write,746,25376,W
write,747,28096,W
write,748,26239,W
write,749,30224,W
write,750,24688,W
write,751,28282,W
write,752,26434,W
write,753,29997,W
write,754,24859,W
write,755,28277,W
write,756,26369,W
write,757,30564,W
write,758,24304,W
write,759,28357,W
write,760,26754,W
write,761,29678,W
write,762,24852,W
write,763,28799,W
write,764,25847,W
write,765,30032,W
write,766,24866,W
write,767,28437,W
write,768,26395,W
write,769,29862,W
write,770,24868,W
write,771,28459,W
write,772,26428,W
write,773,29839,W
write,774,30122,W
write,775,24795,W
write,776,26105,W
write,777,28779,W
write,778,24889,W
write,779,28246,W
write,780,26270,W
write,781,29999,W
write,782,25016,W
write,783,28354,W
write,784,26409,W
write,785,30508,W
write,786,24346,W
write,787,28314,W
write,788,26932,W
write,789,29326,W
write,790,24870,W
write,791,28419,W
write,792,26443,W
write,793,29852,W
write,794,25019,W
write,795,28282,W
write,796,26418,W
write,797,29819,W
write,798,25047,W
write,799,28432,W
write,800,26248,W
write,801,29815,W
write,802,29898,W
write,803,25008,W
write,804,26245,W
write,805,28993,W
write,806,24516,W
write,807,28283,W
write,808,26401,W
write,809,29796,W
write,810,25096,W
write,811,28260,W
write,812,26429,W
write,813,30527,W
write,814,24338,W
write,815,28317,W
write,816,26759,W
write,817,29659,W
write,818,24867,W
write,819,28475,W
write,820,26243,W
write,821,30246,W
write,822,24619,W
write,823,28289,W
write,824,26585,W
write,825,29678,W
write,826,25018,W
write,827,28826,W
write,828,25868,W
write,829,29875,W
write,830,25016,W
write,831,28462,W
write,832,26207,W
write,833,30481,W
write,834,24435,W
write,835,28291,W
write,836,26391,W
write,837,30342,W
write,838,24570,W
write,839,28490,W
write,840,26230,W
write,841,30172,W
write,842,24706,W
write,843,28453,W
write,844,26588,W
write,845,29677,W
write,846,24892,W
write,847,28486,W
write,848,26228,W
write,849,30550,W
write,850,24342,W
write,851,28286,W
write,852,27111,W
write,853,29327,W
write,854,24850,W
write,855,28814,W
write,856,25881,W
write,857,30000,W
write,858,30174,W
write,859,24652,W
write,860,26256,W
write,861,28825,W
write,862,24496,W
write,863,28485,W
write,864,26432,W
write,865,29829,W
write,866,25198,W
write,867,28104,W
write,868,26431,W
write,869,30167,W
write,870,24698,W
write,871,28279,W
write,872,26777,W
write,873,29495,W
write,874,24869,W
write,875,28485,W
write,876,26284,W
write,877,30196,W
write,878,24670,W
write,879,28496,W
write,880,26580,W
write,881,29650,W
write,882,24866,W
write,883,28822,W
write,884,25896,W
write,885,30005,W
write,886,24835,W
write,887,28488,W
write,888,26261,W
write,889,29962,W
write,890,24935,W
write,891,28624,W
write,892,26242,W
write,893,29823,W
write,894,30208,W
write,895,24683,W
write,896,26245,W
write,897,28798,W
write,898,24525,W
write,899,28426,W
write,900,26439,W
write,901,29853,W
write,902,25020,W
write,903,28252,W
write,904,26430,W
write,905,30496,W
write,906,24346,W
write,907,28292,W
write,908,27103,W
write,909,29336,W
write,910,24840,W
write,911,28471,W
write,912,26224,W
write,913,29949,W
write,914,24924,W
write,915,28287,W
write,916,26427,W
write,917,29997,W
write,918,24867,W
write,919,28844,W
write,920,25898,W
write,921,30044,W
write,922,24845,W
write,923,28291,W
write,924,26407,W
write,925,30021,W
write,926,24869,W
write,927,28438,W
write,928,26255,W
write,929,29874,W
write,930,25015,W
write,931,28290,W
write,932,26802,W
write,933,29972,W
write,934,24527,W
write,935,28432,W
write,936,26608,W
write,937,29668,W
write,938,25273,W
write,939,27884,W
write,940,26406,W
write,941,30567,W
write,942,24345,W
write,943,28457,W
write,944,26607,W
write,945,29670,W
write,946,24869,W
write,947,28313,W
write,948,26402,W
write,949,30172,W
write,950,24690,W
write,951,28288,W
write,952,26753,W
write,953,29497,W
write,954,25015,W
write,955,28822,W
write,956,25895,W
write,957,30023,W
write,958,25019,W
write,959,28148,W
write,960,26399,W
write,961,30023,W
write,962,24840,W
write,963,28803,W
write,964,25893,W
write,965,29881,W
write,966,25347,W
write,967,28076,W
write,968,26291,W
write,969,30162,W
write,970,24711,W
write,971,28472,W
write,972,26751,W
write,973,29467,W
write,974,25048,W
write,975,28262,W
write,976,26402,W
write,977,30370,W
write,978,24492,W
write,979,28290,W
write,980,27083,W
write,981,29303,W
write,982,24876,W
write,983,28423,W
write,984,26262,W
write,985,30000,W
write,986,24839,W
write,987,28471,W
write,988,26393,W
write,989,29849,W
write,990,24844,W
write,991,28620,W
write,992,26227,W
write,993,29821,W
write,994,25014,W
write,995,28267,W
write,996,26403,W
write,997,29999,W
write,998,24842,W
write,999,28436,W
write,1000,26415,W
