scenario,iteration,roundtrip_us,success,response
host_floor,1,3,1,"6"
host_floor,2,3,1,"6"
host_floor,3,3,1,"6"
host_floor,4,3,1,"6"
host_floor,5,2,1,"6"
host_floor,6,3,1,"6"
host_floor,7,3,1,"6"
host_floor,8,3,1,"6"
host_floor,9,2,1,"6"
host_floor,10,3,1,"6"
host_floor,11,3,1,"6"
host_floor,12,3,1,"6"
host_floor,13,3,1,"6"
host_floor,14,3,1,"6"
host_floor,15,3,1,"6"
host_floor,16,2,1,"6"
host_floor,17,3,1,"6"
host_floor,18,3,1,"6"
host_floor,19,3,1,"6"
host_floor,20,3,1,"6"
host_floor,21,2,1,"6"
host_floor,22,2,1,"6"
host_floor,23,3,1,"6"
host_floor,24,2,1,"6"
host_floor,25,3,1,"6"
host_floor,26,3,1,"6"
host_floor,27,3,1,"6"
host_floor,28,3,1,"6"
host_floor,29,3,1,"6"
host_floor,30,3,1,"6"
host_floor,31,2,1,"6"
host_floor,32,3,1,"6"
host_floor,33,3,1,"6"
host_floor,34,3,1,"6"
host_floor,35,3,1,"6"
host_floor,36,3,1,"6"
host_floor,37,3,1,"6"
host_floor,38,3,1,"6"
host_floor,39,3,1,"6"
host_floor,40,3,1,"6"
host_floor,41,3,1,"6"
host_floor,42,3,1,"6"
host_floor,43,3,1,"6"
host_floor,44,3,1,"6"
host_floor,45,3,1,"6"
host_floor,46,3,1,"6"
host_floor,47,3,1,"6"
host_floor,48,3,1,"6"
host_floor,49,3,1,"6"
host_floor,50,3,1,"6"
host_floor,51,3,1,"6"
host_floor,52,3,1,"6"
host_floor,53,2,1,"6"
host_floor,54,3,1,"6"
host_floor,55,3,1,"6"
host_floor,56,2,1,"6"
host_floor,57,3,1,"6"
host_floor,58,3,1,"6"
host_floor,59,3,1,"6"
host_floor,60,3,1,"6"
host_floor,61,2,1,"6"
host_floor,62,3,1,"6"
host_floor,63,2,1,"6"
host_floor,64,3,1,"6"
host_floor,65,3,1,"6"
host_floor,66,3,1,"6"
host_floor,67,2,1,"6"
host_floor,68,3,1,"6"
host_floor,69,3,1,"6"
host_floor,70,3,1,"6"
host_floor,71,3,1,"6"
host_floor,72,3,1,"6"
host_floor,73,3,1,"6"
host_floor,74,3,1,"6"
host_floor,75,2,1,"6"
host_floor,76,3,1,"6"
host_floor,77,3,1,"6"
host_floor,78,2,1,"6"
host_floor,79,3,1,"6"
host_floor,80,2,1,"6"
host_floor,81,0,1,"6"
host_floor,82,3,1,"6"
host_floor,83,2,1,"6"
host_floor,84,2,1,"6"
host_floor,85,3,1,"6"
host_floor,86,0,1,"6"
host_floor,87,0,1,"6"
host_floor,88,0,1,"6"
host_floor,89,0,1,"6"
host_floor,90,0,1,"6"
host_floor,91,0,1,"6"
host_floor,92,3,1,"6"
host_floor,93,2,1,"6"
host_floor,94,2,1,"6"
host_floor,95,2,1,"6"
host_floor,96,3,1,"6"
host_floor,97,3,1,"6"
host_floor,98,0,1,"6"
host_floor,99,0,1,"6"
host_floor,100,2,1,"6"
host_floor,101,3,1,"6"
host_floor,102,2,1,"6"
host_floor,103,2,1,"6"
host_floor,104,3,1,"6"
host_floor,105,2,1,"6"
host_floor,106,3,1,"6"
host_floor,107,3,1,"6"
host_floor,108,3,1,"6"
host_floor,109,3,1,"6"
host_floor,110,2,1,"6"
host_floor,111,2,1,"6"
host_floor,112,2,1,"6"
host_floor,113,3,1,"6"
host_floor,114,3,1,"6"
host_floor,115,3,1,"6"
host_floor,116,2,1,"6"
host_floor,117,3,1,"6"
host_floor,118,3,1,"6"
host_floor,119,3,1,"6"
host_floor,120,3,1,"6"
host_floor,121,3,1,"6"
host_floor,122,3,1,"6"
host_floor,123,3,1,"6"
host_floor,124,3,1,"6"
host_floor,125,3,1,"6"
host_floor,126,3,1,"6"
host_floor,127,3,1,"6"
host_floor,128,3,1,"6"
host_floor,129,3,1,"6"
host_floor,130,2,1,"6"
host_floor,131,2,1,"6"
host_floor,132,3,1,"6"
host_floor,133,3,1,"6"
host_floor,134,3,1,"6"
host_floor,135,3,1,"6"
host_floor,136,3,1,"6"
host_floor,137,3,1,"6"
host_floor,138,3,1,"6"
host_floor,139,2,1,"6"
host_floor,140,0,1,"6"
host_floor,141,3,1,"6"
host_floor,142,0,1,"6"
host_floor,143,0,1,"6"
host_floor,144,0,1,"6"
host_floor,145,0,1,"6"
host_floor,146,0,1,"6"
host_floor,147,0,1,"6"
host_floor,148,0,1,"6"
host_floor,149,2,1,"6"
host_floor,150,3,1,"6"
host_floor,151,0,1,"6"
host_floor,152,3,1,"6"
host_floor,153,3,1,"6"
host_floor,154,3,1,"6"
host_floor,155,3,1,"6"
host_floor,156,4,1,"6"
host_floor,157,3,1,"6"
host_floor,158,3,1,"6"
host_floor,159,3,1,"6"
host_floor,160,3,1,"6"
host_floor,161,3,1,"6"
host_floor,162,2,1,"6"
host_floor,163,3,1,"6"
host_floor,164,2,1,"6"
host_floor,165,3,1,"6"
host_floor,166,0,1,"6"
host_floor,167,3,1,"6"
host_floor,168,3,1,"6"
host_floor,169,3,1,"6"
host_floor,170,3,1,"6"
host_floor,171,3,1,"6"
host_floor,172,3,1,"6"
host_floor,173,3,1,"6"
host_floor,174,3,1,"6"
host_floor,175,3,1,"6"
host_floor,176,3,1,"6"
host_floor,177,3,1,"6"
host_floor,178,3,1,"6"
host_floor,179,2,1,"6"
host_floor,180,3,1,"6"
host_floor,181,3,1,"6"
host_floor,182,3,1,"6"
host_floor,183,3,1,"6"
host_floor,184,3,1,"6"
host_floor,185,3,1,"6"
host_floor,186,2,1,"6"
host_floor,187,3,1,"6"
host_floor,188,3,1,"6"
host_floor,189,2,1,"6"
host_floor,190,2,1,"6"
host_floor,191,3,1,"6"
host_floor,192,16,1,"6"
host_floor,193,3,1,"6"
host_floor,194,3,1,"6"
host_floor,195,3,1,"6"
host_floor,196,3,1,"6"
host_floor,197,3,1,"6"
host_floor,198,4,1,"6"
host_floor,199,2,1,"6"
host_floor,200,0,1,"6"
host_floor,201,2,1,"6"
host_floor,202,2,1,"6"
host_floor,203,3,1,"6"
host_floor,204,3,1,"6"
host_floor,205,3,1,"6"
host_floor,206,3,1,"6"
host_floor,207,3,1,"6"
host_floor,208,3,1,"6"
host_floor,209,3,1,"6"
host_floor,210,3,1,"6"
host_floor,211,3,1,"6"
host_floor,212,3,1,"6"
host_floor,213,2,1,"6"
host_floor,214,3,1,"6"
host_floor,215,3,1,"6"
host_floor,216,3,1,"6"
host_floor,217,3,1,"6"
host_floor,218,3,1,"6"
host_floor,219,3,1,"6"
host_floor,220,3,1,"6"
host_floor,221,3,1,"6"
host_floor,222,3,1,"6"
host_floor,223,3,1,"6"
host_floor,224,2,1,"6"
host_floor,225,3,1,"6"
host_floor,226,3,1,"6"
host_floor,227,3,1,"6"
host_floor,228,3,1,"6"
host_floor,229,3,1,"6"
host_floor,230,3,1,"6"
host_floor,231,3,1,"6"
host_floor,232,3,1,"6"
host_floor,233,3,1,"6"
host_floor,234,3,1,"6"
host_floor,235,3,1,"6"
host_floor,236,3,1,"6"
host_floor,237,3,1,"6"
host_floor,238,3,1,"6"
host_floor,239,3,1,"6"
host_floor,240,3,1,"6"
host_floor,241,3,1,"6"
host_floor,242,3,1,"6"
host_floor,243,3,1,"6"
host_floor,244,3,1,"6"
host_floor,245,3,1,"6"
host_floor,246,3,1,"6"
host_floor,247,3,1,"6"
host_floor,248,3,1,"6"
host_floor,249,3,1,"6"
host_floor,250,3,1,"6"
host_floor,251,3,1,"6"
host_floor,252,3,1,"6"
host_floor,253,3,1,"6"
host_floor,254,3,1,"6"
host_floor,255,3,1,"6"
host_floor,256,3,1,"6"
host_floor,257,2,1,"6"
host_floor,258,2,1,"6"
host_floor,259,0,1,"6"
host_floor,260,0,1,"6"
host_floor,261,2,1,"6"
host_floor,262,2,1,"6"
host_floor,263,3,1,"6"
host_floor,264,3,1,"6"
host_floor,265,3,1,"6"
host_floor,266,2,1,"6"
host_floor,267,3,1,"6"
host_floor,268,3,1,"6"
host_floor,269,2,1,"6"
host_floor,270,3,1,"6"
host_floor,271,3,1,"6"
host_floor,272,3,1,"6"
host_floor,273,3,1,"6"
host_floor,274,3,1,"6"
host_floor,275,3,1,"6"
host_floor,276,2,1,"6"
host_floor,277,2,1,"6"
host_floor,278,3,1,"6"
host_floor,279,3,1,"6"
host_floor,280,3,1,"6"
host_floor,281,3,1,"6"
host_floor,282,3,1,"6"
host_floor,283,3,1,"6"
host_floor,284,3,1,"6"
host_floor,285,3,1,"6"
host_floor,286,2,1,"6"
host_floor,287,3,1,"6"
host_floor,288,3,1,"6"
host_floor,289,3,1,"6"
host_floor,290,3,1,"6"
host_floor,291,3,1,"6"
host_floor,292,3,1,"6"
host_floor,293,3,1,"6"
host_floor,294,2,1,"6"
host_floor,295,3,1,"6"
host_floor,296,3,1,"6"
host_floor,297,3,1,"6"
host_floor,298,2,1,"6"
host_floor,299,3,1,"6"
host_floor,300,2,1,"6"
host_floor,301,3,1,"6"
host_floor,302,3,1,"6"
host_floor,303,3,1,"6"
host_floor,304,2,1,"6"
host_floor,305,3,1,"6"
host_floor,306,3,1,"6"
host_floor,307,3,1,"6"
host_floor,308,3,1,"6"
host_floor,309,3,1,"6"
host_floor,310,2,1,"6"
host_floor,311,2,1,"6"
host_floor,312,3,1,"6"
host_floor,313,3,1,"6"
host_floor,314,3,1,"6"
host_floor,315,2,1,"6"
host_floor,316,3,1,"6"
host_floor,317,2,1,"6"
host_floor,318,0,1,"6"
host_floor,319,3,1,"6"
host_floor,320,3,1,"6"
host_floor,321,3,1,"6"
host_floor,322,3,1,"6"
host_floor,323,3,1,"6"
host_floor,324,3,1,"6"
host_floor,325,3,1,"6"
host_floor,326,3,1,"6"
host_floor,327,3,1,"6"
host_floor,328,3,1,"6"
host_floor,329,0,1,"6"
host_floor,330,3,1,"6"
host_floor,331,3,1,"6"
host_floor,332,3,1,"6"
host_floor,333,3,1,"6"
host_floor,334,3,1,"6"
host_floor,335,3,1,"6"
host_floor,336,3,1,"6"
host_floor,337,3,1,"6"
host_floor,338,3,1,"6"
host_floor,339,3,1,"6"
host_floor,340,3,1,"6"
host_floor,341,2,1,"6"
host_floor,342,3,1,"6"
host_floor,343,3,1,"6"
host_floor,344,2,1,"6"
host_floor,345,3,1,"6"
host_floor,346,3,1,"6"
host_floor,347,3,1,"6"
host_floor,348,2,1,"6"
host_floor,349,3,1,"6"
host_floor,350,3,1,"6"
host_floor,351,3,1,"6"
host_floor,352,3,1,"6"
host_floor,353,3,1,"6"
host_floor,354,3,1,"6"
host_floor,355,3,1,"6"
host_floor,356,3,1,"6"
host_floor,357,3,1,"6"
host_floor,358,3,1,"6"
host_floor,359,2,1,"6"
host_floor,360,1,1,"6"
host_floor,361,3,1,"6"
host_floor,362,3,1,"6"
host_floor,363,3,1,"6"
host_floor,364,3,1,"6"
host_floor,365,3,1,"6"
host_floor,366,3,1,"6"
host_floor,367,3,1,"6"
host_floor,368,3,1,"6"
host_floor,369,3,1,"6"
host_floor,370,3,1,"6"
host_floor,371,3,1,"6"
host_floor,372,3,1,"6"
host_floor,373,3,1,"6"
host_floor,374,3,1,"6"
host_floor,375,3,1,"6"
host_floor,376,3,1,"6"
host_floor,377,2,1,"6"
host_floor,378,3,1,"6"
host_floor,379,3,1,"6"
host_floor,380,3,1,"6"
host_floor,381,3,1,"6"
host_floor,382,3,1,"6"
host_floor,383,3,1,"6"
host_floor,384,3,1,"6"
host_floor,385,3,1,"6"
host_floor,386,2,1,"6"
host_floor,387,2,1,"6"
host_floor,388,3,1,"6"
host_floor,389,3,1,"6"
host_floor,390,3,1,"6"
host_floor,391,3,1,"6"
host_floor,392,3,1,"6"
host_floor,393,3,1,"6"
host_floor,394,3,1,"6"
host_floor,395,3,1,"6"
host_floor,396,3,1,"6"
host_floor,397,3,1,"6"
host_floor,398,3,1,"6"
host_floor,399,3,1,"6"
host_floor,400,3,1,"6"
host_floor,401,3,1,"6"
host_floor,402,3,1,"6"
host_floor,403,2,1,"6"
host_floor,404,2,1,"6"
host_floor,405,3,1,"6"
host_floor,406,3,1,"6"
host_floor,407,2,1,"6"
host_floor,408,3,1,"6"
host_floor,409,3,1,"6"
host_floor,410,3,1,"6"
host_floor,411,3,1,"6"
host_floor,412,3,1,"6"
host_floor,413,3,1,"6"
host_floor,414,3,1,"6"
host_floor,415,3,1,"6"
host_floor,416,3,1,"6"
host_floor,417,3,1,"6"
host_floor,418,3,1,"6"
host_floor,419,2,1,"6"
host_floor,420,3,1,"6"
host_floor,421,3,1,"6"
host_floor,422,3,1,"6"
host_floor,423,3,1,"6"
host_floor,424,3,1,"6"
host_floor,425,3,1,"6"
host_floor,426,3,1,"6"
host_floor,427,3,1,"6"
host_floor,428,2,1,"6"
host_floor,429,3,1,"6"
host_floor,430,3,1,"6"
host_floor,431,3,1,"6"
host_floor,432,3,1,"6"
host_floor,433,3,1,"6"
host_floor,434,3,1,"6"
host_floor,435,3,1,"6"
host_floor,436,2,1,"6"
host_floor,437,3,1,"6"
host_floor,438,3,1,"6"
host_floor,439,2,1,"6"
host_floor,440,2,1,"6"
host_floor,441,3,1,"6"
host_floor,442,3,1,"6"
host_floor,443,3,1,"6"
host_floor,444,2,1,"6"
host_floor,445,2,1,"6"
host_floor,446,3,1,"6"
host_floor,447,3,1,"6"
host_floor,448,3,1,"6"
host_floor,449,3,1,"6"
host_floor,450,3,1,"6"
host_floor,451,3,1,"6"
host_floor,452,3,1,"6"
host_floor,453,3,1,"6"
host_floor,454,3,1,"6"
host_floor,455,2,1,"6"
host_floor,456,3,1,"6"
host_floor,457,3,1,"6"
host_floor,458,3,1,"6"
host_floor,459,2,1,"6"
host_floor,460,3,1,"6"
host_floor,461,3,1,"6"
host_floor,462,3,1,"6"
host_floor,463,3,1,"6"
host_floor,464,3,1,"6"
host_floor,465,3,1,"6"
host_floor,466,3,1,"6"
host_floor,467,3,1,"6"
host_floor,468,3,1,"6"
host_floor,469,3,1,"6"
host_floor,470,3,1,"6"
host_floor,471,3,1,"6"
host_floor,472,3,1,"6"
host_floor,473,2,1,"6"
host_floor,474,3,1,"6"
host_floor,475,2,1,"6"
host_floor,476,0,1,"6"
host_floor,477,0,1,"6"
host_floor,478,0,1,"6"
host_floor,479,3,1,"6"
host_floor,480,3,1,"6"
host_floor,481,3,1,"6"
host_floor,482,3,1,"6"
host_floor,483,3,1,"6"
host_floor,484,3,1,"6"
host_floor,485,3,1,"6"
host_floor,486,3,1,"6"
host_floor,487,3,1,"6"
host_floor,488,3,1,"6"
host_floor,489,2,1,"6"
host_floor,490,3,1,"6"
host_floor,491,3,1,"6"
host_floor,492,2,1,"6"
host_floor,493,3,1,"6"
host_floor,494,3,1,"6"
host_floor,495,3,1,"6"
host_floor,496,2,1,"6"
host_floor,497,0,1,"6"
host_floor,498,0,1,"6"
host_floor,499,0,1,"6"
host_floor,500,2,1,"6"
host_floor,501,3,1,"6"
host_floor,502,3,1,"6"
host_floor,503,3,1,"6"
host_floor,504,3,1,"6"
host_floor,505,3,1,"6"
host_floor,506,3,1,"6"
host_floor,507,3,1,"6"
host_floor,508,3,1,"6"
host_floor,509,3,1,"6"
host_floor,510,3,1,"6"
host_floor,511,3,1,"6"
host_floor,512,3,1,"6"
host_floor,513,3,1,"6"
host_floor,514,3,1,"6"
host_floor,515,3,1,"6"
host_floor,516,3,1,"6"
host_floor,517,3,1,"6"
host_floor,518,3,1,"6"
host_floor,519,3,1,"6"
host_floor,520,2,1,"6"
host_floor,521,3,1,"6"
host_floor,522,3,1,"6"
host_floor,523,2,1,"6"
host_floor,524,3,1,"6"
host_floor,525,3,1,"6"
host_floor,526,3,1,"6"
host_floor,527,3,1,"6"
host_floor,528,3,1,"6"
host_floor,529,3,1,"6"
host_floor,530,3,1,"6"
host_floor,531,3,1,"6"
host_floor,532,3,1,"6"
host_floor,533,3,1,"6"
host_floor,534,2,1,"6"
host_floor,535,2,1,"6"
host_floor,536,3,1,"6"
host_floor,537,3,1,"6"
host_floor,538,3,1,"6"
host_floor,539,3,1,"6"
host_floor,540,3,1,"6"
host_floor,541,3,1,"6"
host_floor,542,2,1,"6"
host_floor,543,2,1,"6"
host_floor,544,3,1,"6"
host_floor,545,2,1,"6"
host_floor,546,3,1,"6"
host_floor,547,2,1,"6"
host_floor,548,3,1,"6"
host_floor,549,3,1,"6"
host_floor,550,3,1,"6"
host_floor,551,3,1,"6"
host_floor,552,2,1,"6"
host_floor,553,3,1,"6"
host_floor,554,3,1,"6"
host_floor,555,2,1,"6"
host_floor,556,0,1,"6"
host_floor,557,0,1,"6"
host_floor,558,0,1,"6"
host_floor,559,2,1,"6"
host_floor,560,3,1,"6"
host_floor,561,3,1,"6"
host_floor,562,2,1,"6"
host_floor,563,3,1,"6"
host_floor,564,2,1,"6"
host_floor,565,3,1,"6"
host_floor,566,3,1,"6"
host_floor,567,3,1,"6"
host_floor,568,2,1,"6"
host_floor,569,3,1,"6"
host_floor,570,2,1,"6"
host_floor,571,3,1,"6"
host_floor,572,3,1,"6"
host_floor,573,2,1,"6"
host_floor,574,3,1,"6"
host_floor,575,3,1,"6"
host_floor,576,2,1,"6"
host_floor,577,3,1,"6"
host_floor,578,3,1,"6"
host_floor,579,2,1,"6"
host_floor,580,2,1,"6"
host_floor,581,3,1,"6"
host_floor,582,2,1,"6"
host_floor,583,3,1,"6"
host_floor,584,2,1,"6"
host_floor,585,2,1,"6"
host_floor,586,3,1,"6"
host_floor,587,3,1,"6"
host_floor,588,3,1,"6"
host_floor,589,3,1,"6"
host_floor,590,3,1,"6"
host_floor,591,3,1,"6"
host_floor,592,3,1,"6"
host_floor,593,3,1,"6"
host_floor,594,3,1,"6"
host_floor,595,2,1,"6"
host_floor,596,3,1,"6"
host_floor,597,2,1,"6"
host_floor,598,2,1,"6"
host_floor,599,3,1,"6"
host_floor,600,3,1,"6"
host_floor,601,2,1,"6"
host_floor,602,3,1,"6"
host_floor,603,3,1,"6"
host_floor,604,3,1,"6"
host_floor,605,2,1,"6"
host_floor,606,3,1,"6"
host_floor,607,3,1,"6"
host_floor,608,2,1,"6"
host_floor,609,3,1,"6"
host_floor,610,2,1,"6"
host_floor,611,3,1,"6"
host_floor,612,3,1,"6"
host_floor,613,2,1,"6"
host_floor,614,2,1,"6"
host_floor,615,0,1,"6"
host_floor,616,0,1,"6"
host_floor,617,0,1,"6"
host_floor,618,0,1,"6"
host_floor,619,3,1,"6"
host_floor,620,3,1,"6"
host_floor,621,3,1,"6"
host_floor,622,2,1,"6"
host_floor,623,3,1,"6"
host_floor,624,3,1,"6"
host_floor,625,3,1,"6"
host_floor,626,3,1,"6"
host_floor,627,3,1,"6"
host_floor,628,3,1,"6"
host_floor,629,3,1,"6"
host_floor,630,2,1,"6"
host_floor,631,3,1,"6"
host_floor,632,3,1,"6"
host_floor,633,2,1,"6"
host_floor,634,3,1,"6"
host_floor,635,2,1,"6"
host_floor,636,2,1,"6"
host_floor,637,3,1,"6"
host_floor,638,2,1,"6"
host_floor,639,3,1,"6"
host_floor,640,3,1,"6"
host_floor,641,3,1,"6"
host_floor,642,3,1,"6"
host_floor,643,3,1,"6"
host_floor,644,3,1,"6"
host_floor,645,3,1,"6"
host_floor,646,3,1,"6"
host_floor,647,3,1,"6"
host_floor,648,3,1,"6"
host_floor,649,2,1,"6"
host_floor,650,2,1,"6"
host_floor,651,3,1,"6"
host_floor,652,2,1,"6"
host_floor,653,3,1,"6"
host_floor,654,3,1,"6"
host_floor,655,2,1,"6"
host_floor,656,3,1,"6"
host_floor,657,3,1,"6"
host_floor,658,3,1,"6"
host_floor,659,3,1,"6"
host_floor,660,3,1,"6"
host_floor,661,2,1,"6"
host_floor,662,3,1,"6"
host_floor,663,2,1,"6"
host_floor,664,3,1,"6"
host_floor,665,3,1,"6"
host_floor,666,3,1,"6"
host_floor,667,3,1,"6"
host_floor,668,3,1,"6"
host_floor,669,3,1,"6"
host_floor,670,2,1,"6"
host_floor,671,2,1,"6"
host_floor,672,2,1,"6"
host_floor,673,3,1,"6"
host_floor,674,2,1,"6"
host_floor,675,0,1,"6"
host_floor,676,0,1,"6"
host_floor,677,0,1,"6"
host_floor,678,2,1,"6"
host_floor,679,3,1,"6"
host_floor,680,2,1,"6"
host_floor,681,3,1,"6"
host_floor,682,3,1,"6"
host_floor,683,3,1,"6"
host_floor,684,2,1,"6"
host_floor,685,2,1,"6"
host_floor,686,2,1,"6"
host_floor,687,3,1,"6"
host_floor,688,3,1,"6"
host_floor,689,3,1,"6"
host_floor,690,2,1,"6"
host_floor,691,3,1,"6"
host_floor,692,2,1,"6"
host_floor,693,3,1,"6"
host_floor,694,2,1,"6"
host_floor,695,3,1,"6"
host_floor,696,3,1,"6"
host_floor,697,3,1,"6"
host_floor,698,2,1,"6"
host_floor,699,3,1,"6"
host_floor,700,3,1,"6"
host_floor,701,3,1,"6"
host_floor,702,3,1,"6"
host_floor,703,2,1,"6"
host_floor,704,3,1,"6"
host_floor,705,3,1,"6"
host_floor,706,3,1,"6"
host_floor,707,2,1,"6"
host_floor,708,3,1,"6"
host_floor,709,2,1,"6"
host_floor,710,2,1,"6"
host_floor,711,3,1,"6"
host_floor,712,3,1,"6"
host_floor,713,2,1,"6"
host_floor,714,3,1,"6"
host_floor,715,2,1,"6"
host_floor,716,3,1,"6"
host_floor,717,3,1,"6"
host_floor,718,2,1,"6"
host_floor,719,2,1,"6"
host_floor,720,3,1,"6"
host_floor,721,2,1,"6"
host_floor,722,2,1,"6"
host_floor,723,2,1,"6"
host_floor,724,2,1,"6"
host_floor,725,3,1,"6"
host_floor,726,2,1,"6"
host_floor,727,3,1,"6"
host_floor,728,3,1,"6"
host_floor,729,3,1,"6"
host_floor,730,3,1,"6"
host_floor,731,3,1,"6"
host_floor,732,3,1,"6"
host_floor,733,2,1,"6"
host_floor,734,0,1,"6"
host_floor,735,0,1,"6"
host_floor,736,0,1,"6"
host_floor,737,2,1,"6"
host_floor,738,3,1,"6"
host_floor,739,3,1,"6"
host_floor,740,3,1,"6"
host_floor,741,3,1,"6"
host_floor,742,3,1,"6"
host_floor,743,2,1,"6"
host_floor,744,3,1,"6"
host_floor,745,3,1,"6"
host_floor,746,3,1,"6"
host_floor,747,3,1,"6"
host_floor,748,2,1,"6"
host_floor,749,2,1,"6"
host_floor,750,3,1,"6"
host_floor,751,3,1,"6"
host_floor,752,2,1,"6"
host_floor,753,3,1,"6"
host_floor,754,2,1,"6"
host_floor,755,2,1,"6"
host_floor,756,3,1,"6"
host_floor,757,2,1,"6"
host_floor,758,3,1,"6"
host_floor,759,3,1,"6"
host_floor,760,3,1,"6"
host_floor,761,2,1,"6"
host_floor,762,2,1,"6"
host_floor,763,3,1,"6"
host_floor,764,3,1,"6"
host_floor,765,3,1,"6"
host_floor,766,3,1,"6"
host_floor,767,2,1,"6"
host_floor,768,3,1,"6"
host_floor,769,3,1,"6"
host_floor,770,3,1,"6"
host_floor,771,3,1,"6"
host_floor,772,2,1,"6"
host_floor,773,2,1,"6"
host_floor,774,3,1,"6"
host_floor,775,2,1,"6"
host_floor,776,2,1,"6"
host_floor,777,3,1,"6"
host_floor,778,3,1,"6"
host_floor,779,3,1,"6"
host_floor,780,2,1,"6"
host_floor,781,3,1,"6"
host_floor,782,3,1,"6"
host_floor,783,2,1,"6"
host_floor,784,3,1,"6"
host_floor,785,2,1,"6"
host_floor,786,3,1,"6"
host_floor,787,3,1,"6"
host_floor,788,2,1,"6"
host_floor,789,3,1,"6"
host_floor,790,3,1,"6"
host_floor,791,3,1,"6"
host_floor,792,3,1,"6"
host_floor,793,2,1,"6"
host_floor,794,0,1,"6"
host_floor,795,0,1,"6"
host_floor,796,0,1,"6"
host_floor,797,0,1,"6"
host_floor,798,0,1,"6"
host_floor,799,0,1,"6"
host_floor,800,2,1,"6"
host_floor,801,3,1,"6"
host_floor,802,3,1,"6"
host_floor,803,2,1,"6"
host_floor,804,3,1,"6"
host_floor,805,2,1,"6"
host_floor,806,3,1,"6"
host_floor,807,3,1,"6"
host_floor,808,2,1,"6"
host_floor,809,2,1,"6"
host_floor,810,3,1,"6"
host_floor,811,3,1,"6"
host_floor,812,3,1,"6"
host_floor,813,2,1,"6"
host_floor,814,2,1,"6"
host_floor,815,2,1,"6"
host_floor,816,3,1,"6"
host_floor,817,3,1,"6"
host_floor,818,3,1,"6"
host_floor,819,2,1,"6"
host_floor,820,3,1,"6"
host_floor,821,3,1,"6"
host_floor,822,2,1,"6"
host_floor,823,3,1,"6"
host_floor,824,3,1,"6"
host_floor,825,2,1,"6"
host_floor,826,3,1,"6"
host_floor,827,3,1,"6"
host_floor,828,3,1,"6"
host_floor,829,3,1,"6"
host_floor,830,3,1,"6"
host_floor,831,3,1,"6"
host_floor,832,3,1,"6"
host_floor,833,2,1,"6"
host_floor,834,3,1,"6"
host_floor,835,3,1,"6"
host_floor,836,2,1,"6"
host_floor,837,3,1,"6"
host_floor,838,2,1,"6"
host_floor,839,3,1,"6"
host_floor,840,3,1,"6"
host_floor,841,2,1,"6"
host_floor,842,2,1,"6"
host_floor,843,3,1,"6"
host_floor,844,2,1,"6"
host_floor,845,3,1,"6"
host_floor,846,3,1,"6"
host_floor,847,3,1,"6"
host_floor,848,3,1,"6"
host_floor,849,3,1,"6"
host_floor,850,3,1,"6"
host_floor,851,2,1,"6"
host_floor,852,2,1,"6"
host_floor,853,1,1,"6"
host_floor,854,0,1,"6"
host_floor,855,0,1,"6"
host_floor,856,2,1,"6"
host_floor,857,3,1,"6"
host_floor,858,2,1,"6"
host_floor,859,3,1,"6"
host_floor,860,3,1,"6"
host_floor,861,3,1,"6"
host_floor,862,2,1,"6"
host_floor,863,3,1,"6"
host_floor,864,3,1,"6"
host_floor,865,2,1,"6"
host_floor,866,3,1,"6"
host_floor,867,3,1,"6"
host_floor,868,3,1,"6"
host_floor,869,2,1,"6"
host_floor,870,3,1,"6"
host_floor,871,1,1,"6"
host_floor,872,3,1,"6"
host_floor,873,3,1,"6"
host_floor,874,3,1,"6"
host_floor,875,3,1,"6"
host_floor,876,3,1,"6"
host_floor,877,2,1,"6"
host_floor,878,3,1,"6"
host_floor,879,2,1,"6"
host_floor,880,2,1,"6"
host_floor,881,3,1,"6"
host_floor,882,3,1,"6"
host_floor,883,3,1,"6"
host_floor,884,3,1,"6"
host_floor,885,3,1,"6"
host_floor,886,3,1,"6"
host_floor,887,3,1,"6"
host_floor,888,2,1,"6"
host_floor,889,3,1,"6"
host_floor,890,2,1,"6"
host_floor,891,3,1,"6"
host_floor,892,3,1,"6"
host_floor,893,2,1,"6"
host_floor,894,3,1,"6"
host_floor,895,2,1,"6"
host_floor,896,3,1,"6"
host_floor,897,3,1,"6"
host_floor,898,2,1,"6"
host_floor,899,2,1,"6"
host_floor,900,2,1,"6"
host_floor,901,3,1,"6"
host_floor,902,2,1,"6"
host_floor,903,2,1,"6"
host_floor,904,2,1,"6"
host_floor,905,3,1,"6"
host_floor,906,3,1,"6"
host_floor,907,3,1,"6"
host_floor,908,3,1,"6"
host_floor,909,2,1,"6"
host_floor,910,2,1,"6"
host_floor,911,2,1,"6"
host_floor,912,2,1,"6"
host_floor,913,3,1,"6"
host_floor,914,3,1,"6"
host_floor,915,2,1,"6"
host_floor,916,3,1,"6"
host_floor,917,3,1,"6"
host_floor,918,2,1,"6"
host_floor,919,3,1,"6"
host_floor,920,2,1,"6"
host_floor,921,2,1,"6"
host_floor,922,3,1,"6"
host_floor,923,3,1,"6"
host_floor,924,2,1,"6"
host_floor,925,3,1,"6"
host_floor,926,3,1,"6"
host_floor,927,2,1,"6"
host_floor,928,3,1,"6"
host_floor,929,3,1,"6"
host_floor,930,3,1,"6"
host_floor,931,3,1,"6"
host_floor,932,2,1,"6"
host_floor,933,3,1,"6"
host_floor,934,3,1,"6"
host_floor,935,3,1,"6"
host_floor,936,3,1,"6"
host_floor,937,3,1,"6"
host_floor,938,3,1,"6"
host_floor,939,3,1,"6"
host_floor,940,3,1,"6"
host_floor,941,2,1,"6"
host_floor,942,3,1,"6"
host_floor,943,3,1,"6"
host_floor,944,2,1,"6"
host_floor,945,2,1,"6"
host_floor,946,3,1,"6"
host_floor,947,2,1,"6"
host_floor,948,3,1,"6"
host_floor,949,3,1,"6"
host_floor,950,3,1,"6"
host_floor,951,3,1,"6"
host_floor,952,3,1,"6"
host_floor,953,3,1,"6"
host_floor,954,3,1,"6"
host_floor,955,2,1,"6"
host_floor,956,2,1,"6"
host_floor,957,3,1,"6"
host_floor,958,3,1,"6"
host_floor,959,3,1,"6"
host_floor,960,3,1,"6"
host_floor,961,2,1,"6"
host_floor,962,3,1,"6"
host_floor,963,3,1,"6"
host_floor,964,3,1,"6"
host_floor,965,3,1,"6"
host_floor,966,3,1,"6"
host_floor,967,3,1,"6"
host_floor,968,2,1,"6"
host_floor,969,3,1,"6"
host_floor,970,3,1,"6"
host_floor,971,2,1,"6"
host_floor,972,3,1,"6"
host_floor,973,2,1,"6"
host_floor,974,3,1,"6"
host_floor,975,3,1,"6"
host_floor,976,2,1,"6"
host_floor,977,2,1,"6"
host_floor,978,2,1,"6"
host_floor,979,2,1,"6"
host_floor,980,3,1,"6"
host_floor,981,2,1,"6"
host_floor,982,3,1,"6"
host_floor,983,3,1,"6"
host_floor,984,2,1,"6"
host_floor,985,3,1,"6"
host_floor,986,3,1,"6"
host_floor,987,3,1,"6"
host_floor,988,3,1,"6"
host_floor,989,3,1,"6"
host_floor,990,3,1,"6"
host_floor,991,2,1,"6"
host_floor,992,3,1,"6"
host_floor,993,2,1,"6"
host_floor,994,2,1,"6"
host_floor,995,3,1,"6"
host_floor,996,2,1,"6"
host_floor,997,3,1,"6"
host_floor,998,3,1,"6"
host_floor,999,3,1,"6"
host_floor,1000,3,1,"6"
read,1,4301,1,"462"
read,2,4307,1,"462"
read,3,4768,1,"462"
read,4,4372,1,"462"
read,5,4416,1,"462"
read,6,4325,1,"462"
read,7,4541,1,"462"
read,8,4221,1,"462"
read,9,4346,1,"462"
read,10,4379,1,"462"
read,11,4294,1,"462"
read,12,4306,1,"462"
read,13,4283,1,"462"
read,14,4318,1,"462"
read,15,4210,1,"462"
read,16,4319,1,"462"
read,17,4293,1,"462"
read,18,4299,1,"462"
read,19,4299,1,"462"
read,20,4294,1,"462"
read,21,4312,1,"462"
read,22,4293,1,"462"
read,23,4303,1,"462"
read,24,4354,1,"462"
read,25,4281,1,"462"
read,26,4319,1,"462"
read,27,4333,1,"462"
read,28,4736,1,"462"
read,29,4351,1,"462"
read,30,4308,1,"462"
read,31,4294,1,"462"
read,32,4739,1,"462"
read,33,4240,1,"462"
read,34,4448,1,"462"
read,35,4291,1,"462"
read,36,4294,1,"462"
read,37,4301,1,"462"
read,38,4298,1,"462"
read,39,4296,1,"462"
read,40,4306,1,"462"
read,41,4264,1,"462"
read,42,4311,1,"462"
read,43,4289,1,"462"
read,44,4304,1,"462"
read,45,4289,1,"462"
read,46,4307,1,"462"
read,47,4306,1,"462"
read,48,4270,1,"462"
read,49,4298,1,"462"
read,50,4261,1,"462"
read,51,4342,1,"462"
read,52,4319,1,"462"
read,53,4278,1,"462"
read,54,4427,1,"462"
read,55,4318,1,"462"
read,56,4300,1,"462"
read,57,4264,1,"462"
read,58,4730,1,"462"
read,59,4246,1,"462"
read,60,4264,1,"462"
read,61,4341,1,"462"
read,62,4318,1,"462"
read,63,4294,1,"462"
read,64,4272,1,"462"
read,65,4095,1,"462"
read,66,4215,1,"462"
read,67,4394,1,"462"
read,68,4273,1,"462"
read,69,4321,1,"462"
read,70,4298,1,"462"
read,71,4442,1,"462"
read,72,4264,1,"462"
read,73,4321,1,"462"
read,74,4368,1,"462"
read,75,4267,1,"462"
read,76,4300,1,"462"
read,77,4293,1,"462"
read,78,4233,1,"462"
read,79,4375,1,"462"
read,80,4513,1,"462"
read,81,4202,1,"462"
read,82,4337,1,"462"
read,83,4445,1,"462"
read,84,4655,1,"462"
read,85,4277,1,"462"
read,86,4296,1,"462"
read,87,4381,1,"462"
read,88,4295,1,"462"
read,89,4273,1,"462"
read,90,4296,1,"462"
read,91,4301,1,"462"
read,92,4275,1,"462"
read,93,4305,1,"462"
read,94,4305,1,"462"
read,95,4261,1,"462"
read,96,4351,1,"462"
read,97,4300,1,"462"
read,98,4288,1,"462"
read,99,4320,1,"462"
read,100,4272,1,"462"
read,101,4295,1,"462"
read,102,4552,1,"462"
read,103,4201,1,"462"
read,104,4289,1,"462"
read,105,4692,1,"462"
read,106,4198,1,"462"
read,107,4157,1,"462"
read,108,4307,1,"462"
read,109,4274,1,"462"
read,110,4365,1,"462"
read,111,4200,1,"462"
read,112,4291,1,"462"
read,113,4277,1,"462"
read,114,4300,1,"462"
read,115,4292,1,"462"
read,116,4287,1,"462"
read,117,4312,1,"462"
read,118,4445,1,"462"
read,119,4305,1,"462"
read,120,4283,1,"462"
read,121,4308,1,"462"
read,122,4295,1,"462"
read,123,4314,1,"462"
read,124,4297,1,"462"
read,125,4274,1,"462"
read,126,4295,1,"462"
read,127,4299,1,"462"
read,128,4283,1,"462"
read,129,4320,1,"462"
read,130,4806,1,"462"
read,131,4254,1,"462"
read,132,4300,1,"462"
read,133,4246,1,"462"
read,134,4300,1,"462"
read,135,4275,1,"462"
read,136,4291,1,"462"
read,137,4328,1,"462"
read,138,4196,1,"462"
read,139,4292,1,"462"
read,140,4320,1,"462"
read,141,4242,1,"462"
read,142,4475,1,"462"
read,143,4306,1,"462"
read,144,4271,1,"462"
read,145,4301,1,"462"
read,146,4278,1,"462"
read,147,4310,1,"462"
read,148,4272,1,"462"
read,149,4168,1,"462"
read,150,4328,1,"462"
read,151,4274,1,"462"
read,152,4292,1,"462"
read,153,4299,1,"462"
read,154,4289,1,"462"
read,155,4302,1,"462"
read,156,4295,1,"462"
read,157,4527,1,"462"
read,158,4274,1,"462"
read,159,4282,1,"462"
read,160,4427,1,"462"
read,161,4258,1,"462"
read,162,4355,1,"462"
read,163,4282,1,"462"
read,164,4300,1,"462"
read,165,4286,1,"462"
read,166,4312,1,"462"
read,167,4303,1,"462"
read,168,4265,1,"462"
read,169,4266,1,"462"
read,170,4137,1,"462"
read,171,4386,1,"462"
read,172,4296,1,"462"
read,173,4290,1,"462"
read,174,4316,1,"462"
read,175,4271,1,"462"
read,176,4308,1,"462"
read,177,4301,1,"462"
read,178,4267,1,"462"
read,179,4336,1,"462"
read,180,4254,1,"462"
read,181,4283,1,"462"
read,182,4293,1,"462"
read,183,4760,1,"462"
read,184,4361,1,"462"
read,185,4359,1,"462"
read,186,4285,1,"462"
read,187,4307,1,"462"
read,188,4281,1,"462"
read,189,4291,1,"462"
read,190,4359,1,"462"
read,191,4172,1,"462"
read,192,4182,1,"462"
read,193,4323,1,"462"
read,194,4287,1,"462"
read,195,4302,1,"462"
read,196,4257,1,"462"
read,197,4404,1,"462"
read,198,4240,1,"462"
read,199,4303,1,"462"
read,200,4322,1,"462"
read,201,4311,1,"462"
read,202,4278,1,"462"
read,203,4265,1,"462"
read,204,4137,1,"462"
read,205,4178,1,"462"
read,206,4283,1,"462"
read,207,4321,1,"462"
read,208,4168,1,"462"
read,209,4331,1,"462"
read,210,4156,1,"462"
read,211,4150,1,"462"
read,212,4156,1,"462"
read,213,4149,1,"462"
read,214,4339,1,"462"
read,215,4152,1,"462"
read,216,4183,1,"462"
read,217,4137,1,"462"
read,218,4149,1,"462"
read,219,4369,1,"462"
read,220,4296,1,"462"
read,221,4332,1,"462"
read,222,4263,1,"462"
read,223,4120,1,"462"
read,224,4693,1,"462"
read,225,4324,1,"462"
read,226,4300,1,"462"
read,227,4301,1,"462"
read,228,4666,1,"462"
read,229,4401,1,"462"
read,230,4329,1,"462"
read,231,4291,1,"462"
read,232,4124,1,"462"
read,233,4163,1,"462"
read,234,4375,1,"462"
read,235,4290,1,"462"
read,236,4319,1,"462"
read,237,4287,1,"462"
read,238,4446,1,"462"
read,239,4695,1,"462"
read,240,4280,1,"462"
read,241,4279,1,"462"
read,242,4328,1,"462"
read,243,4683,1,"462"
read,244,4226,1,"462"
read,245,4267,1,"462"
read,246,4357,1,"462"
read,247,4294,1,"462"
read,248,4413,1,"462"
read,249,4341,1,"462"
read,250,4283,1,"462"
read,251,4470,1,"462"
read,252,4297,1,"462"
read,253,4282,1,"462"
read,254,4287,1,"462"
read,255,4369,1,"462"
read,256,4301,1,"462"
read,257,4302,1,"462"
read,258,4468,1,"462"
read,259,4412,1,"462"
read,260,4343,1,"462"
read,261,4302,1,"462"
read,262,4327,1,"462"
read,263,4270,1,"462"
read,264,4331,1,"462"
read,265,4278,1,"462"
read,266,4260,1,"462"
read,267,4357,1,"462"
read,268,4449,1,"462"
read,269,4316,1,"462"
read,270,4233,1,"462"
read,271,4302,1,"462"
read,272,4547,1,"462"
read,273,4173,1,"462"
read,274,4138,1,"462"
read,275,4153,1,"462"
read,276,4374,1,"462"
read,277,4297,1,"462"
read,278,4282,1,"462"
read,279,4317,1,"462"
read,280,4312,1,"462"
read,281,4393,1,"462"
read,282,4302,1,"462"
read,283,4294,1,"462"
read,284,4302,1,"462"
read,285,4300,1,"462"
read,286,4298,1,"462"
read,287,4264,1,"462"
read,288,4357,1,"462"
read,289,4294,1,"462"
read,290,4299,1,"462"
read,291,4291,1,"462"
read,292,4299,1,"462"
read,293,4300,1,"462"
read,294,4633,1,"462"
read,295,4332,1,"462"
read,296,4299,1,"462"
read,297,4302,1,"462"
read,298,4297,1,"462"
read,299,4286,1,"462"
read,300,4336,1,"462"
read,301,4290,1,"462"
read,302,4299,1,"462"
read,303,4299,1,"462"
read,304,4287,1,"462"
read,305,4309,1,"462"
read,306,4286,1,"462"
read,307,4275,1,"462"
read,308,4398,1,"462"
read,309,4366,1,"462"
read,310,4298,1,"462"
read,311,4301,1,"462"
read,312,4295,1,"462"
read,313,4855,1,"462"
read,314,4245,1,"462"
read,315,4271,1,"462"
read,316,4125,1,"462"
read,317,4160,1,"462"
read,318,4155,1,"462"
read,319,4243,1,"462"
read,320,4308,1,"462"
read,321,4317,1,"462"
read,322,4286,1,"462"
read,323,4299,1,"462"
read,324,4412,1,"462"
read,325,4329,1,"462"
read,326,4345,1,"462"
read,327,4298,1,"462"
read,328,4301,1,"462"
read,329,4300,1,"462"
read,330,4300,1,"462"
read,331,4298,1,"462"
read,332,4297,1,"462"
read,333,4297,1,"462"
read,334,4278,1,"462"
read,335,4275,1,"462"
read,336,4335,1,"462"
read,337,4312,1,"462"
read,338,4302,1,"462"
read,339,4272,1,"462"
read,340,4292,1,"462"
read,341,4310,1,"462"
read,342,4275,1,"462"
read,343,4309,1,"462"
read,344,4862,1,"462"
read,345,4409,1,"462"
read,346,4323,1,"462"
read,347,4288,1,"462"
read,348,4444,1,"462"
read,349,4275,1,"462"
read,350,4330,1,"462"
read,351,4302,1,"462"
read,352,4301,1,"462"
read,353,4301,1,"462"
read,354,4292,1,"462"
read,355,4301,1,"462"
read,356,4278,1,"462"
read,357,4292,1,"462"
read,358,4156,1,"462"
read,359,4206,1,"462"
read,360,4329,1,"462"
read,361,4445,1,"462"
read,362,4327,1,"462"
read,363,4259,1,"462"
read,364,4361,1,"462"
read,365,4480,1,"462"
read,366,4257,1,"462"
read,367,4296,1,"462"
read,368,4301,1,"462"
read,369,4267,1,"462"
read,370,4442,1,"462"
read,371,4328,1,"462"
read,372,4283,1,"462"
read,373,4308,1,"462"
read,374,4296,1,"462"
read,375,4303,1,"462"
read,376,4262,1,"462"
read,377,4307,1,"462"
read,378,4338,1,"462"
read,379,4299,1,"462"
read,380,4285,1,"462"
read,381,4308,1,"462"
read,382,4269,1,"462"
read,383,4302,1,"462"
read,384,4309,1,"462"
read,385,4298,1,"462"
read,386,4293,1,"462"
read,387,4296,1,"462"
read,388,4280,1,"462"
read,389,4318,1,"462"
read,390,4253,1,"462"
read,391,4569,1,"462"
read,392,4200,1,"462"
read,393,4439,1,"462"
read,394,4270,1,"462"
read,395,4721,1,"462"
read,396,4204,1,"462"
read,397,4295,1,"462"
read,398,4269,1,"462"
read,399,4323,1,"462"
read,400,4342,1,"462"
read,401,4294,1,"462"
read,402,4191,1,"462"
read,403,4317,1,"462"
read,404,4237,1,"462"
read,405,4274,1,"462"
read,406,4290,1,"462"
read,407,4299,1,"462"
read,408,4295,1,"462"
read,409,4298,1,"462"
read,410,4272,1,"462"
read,411,4301,1,"462"
read,412,4283,1,"462"
read,413,4277,1,"462"
read,414,4311,1,"462"
read,415,4285,1,"462"
read,416,4315,1,"462"
read,417,4304,1,"462"
read,418,4287,1,"462"
read,419,4286,1,"462"
read,420,4326,1,"462"
read,421,4272,1,"462"
read,422,4303,1,"462"
read,423,4481,1,"462"
read,424,4254,1,"462"
read,425,4279,1,"462"
read,426,4405,1,"462"
read,427,4269,1,"462"
read,428,4340,1,"462"
read,429,4253,1,"462"
read,430,4296,1,"462"
read,431,4267,1,"462"
read,432,4432,1,"462"
read,433,4329,1,"462"
read,434,4272,1,"462"
read,435,4302,1,"462"
read,436,4295,1,"462"
read,437,4275,1,"462"
read,438,4252,1,"462"
read,439,4351,1,"462"
read,440,4204,1,"462"
read,441,4315,1,"462"
read,442,4363,1,"462"
read,443,4285,1,"462"
read,444,4268,1,"462"
read,445,4315,1,"462"
read,446,4254,1,"462"
read,447,4315,1,"462"
read,448,4289,1,"462"
read,449,4492,1,"462"
read,450,4416,1,"462"
read,451,4341,1,"462"
read,452,4441,1,"462"
read,453,4420,1,"462"
read,454,4301,1,"462"
read,455,4387,1,"462"
read,456,4323,1,"462"
read,457,4274,1,"462"
read,458,4584,1,"462"
read,459,4322,1,"462"
read,460,4261,1,"462"
read,461,4337,1,"462"
read,462,4246,1,"462"
read,463,4309,1,"462"
read,464,4272,1,"462"
read,465,4302,1,"462"
read,466,4298,1,"462"
read,467,4242,1,"462"
read,468,4428,1,"462"
read,469,4238,1,"462"
read,470,4295,1,"462"
read,471,4296,1,"462"
read,472,4293,1,"462"
read,473,4499,1,"462"
read,474,4299,1,"462"
read,475,4302,1,"462"
read,476,4271,1,"462"
read,477,4303,1,"462"
read,478,4291,1,"462"
read,479,4319,1,"462"
read,480,4453,1,"462"
read,481,4248,1,"462"
read,482,4309,1,"462"
read,483,4162,1,"462"
read,484,4368,1,"462"
read,485,4294,1,"462"
read,486,4307,1,"462"
read,487,4300,1,"462"
read,488,4261,1,"462"
read,489,4349,1,"462"
read,490,4301,1,"462"
read,491,4471,1,"462"
read,492,4272,1,"462"
read,493,4177,1,"462"
read,494,4492,1,"462"
read,495,4278,1,"462"
read,496,4286,1,"462"
read,497,4286,1,"462"
read,498,4320,1,"462"
read,499,4472,1,"462"
read,500,4272,1,"462"
read,501,4277,1,"462"
read,502,4278,1,"462"
read,503,4303,1,"462"
read,504,4293,1,"462"
read,505,4266,1,"462"
read,506,4310,1,"462"
read,507,4309,1,"462"
read,508,4279,1,"462"
read,509,4256,1,"462"
read,510,4174,1,"462"
read,511,4296,1,"462"
read,512,4274,1,"462"
read,513,4290,1,"462"
read,514,4285,1,"462"
read,515,4308,1,"462"
read,516,4305,1,"462"
read,517,4300,1,"462"
read,518,4310,1,"462"
read,519,4299,1,"462"
read,520,4279,1,"462"
read,521,4311,1,"462"
read,522,4301,1,"462"
read,523,4265,1,"462"
read,524,4323,1,"462"
read,525,4320,1,"462"
read,526,4531,1,"462"
read,527,4303,1,"462"
read,528,4455,1,"462"
read,529,4288,1,"462"
read,530,4259,1,"462"
read,531,4158,1,"462"
read,532,4307,1,"462"
read,533,4374,1,"462"
read,534,4297,1,"462"
read,535,4277,1,"462"
read,536,4294,1,"462"
read,537,4296,1,"462"
read,538,4248,1,"462"
read,539,4347,1,"462"
read,540,4254,1,"462"
read,541,4266,1,"462"
read,542,4288,1,"462"
read,543,4308,1,"462"
read,544,4301,1,"462"
read,545,4298,1,"462"
read,546,4670,1,"462"
read,547,4250,1,"462"
read,548,4289,1,"462"
read,549,4306,1,"462"
read,550,4150,1,"462"
read,551,4581,1,"462"
read,552,4352,1,"462"
read,553,4282,1,"462"
read,554,4293,1,"462"
read,555,4277,1,"462"
read,556,4299,1,"462"
read,557,4274,1,"462"
read,558,4371,1,"462"
read,559,4305,1,"462"
read,560,4299,1,"462"
read,561,4281,1,"462"
read,562,4278,1,"462"
read,563,4312,1,"462"
read,564,4289,1,"462"
read,565,4106,1,"462"
read,566,4332,1,"462"
read,567,4156,1,"462"
read,568,4377,1,"462"
read,569,4286,1,"462"
read,570,4300,1,"462"
read,571,4278,1,"462"
read,572,4635,1,"462"
read,573,4308,1,"462"
read,574,4299,1,"462"
read,575,4295,1,"462"
read,576,4473,1,"462"
read,577,4274,1,"462"
read,578,4371,1,"462"
read,579,4289,1,"462"
read,580,4308,1,"462"
read,581,4307,1,"462"
read,582,4295,1,"462"
read,583,4300,1,"462"
read,584,4285,1,"462"
read,585,4276,1,"462"
read,586,4350,1,"462"
read,587,4303,1,"462"
read,588,4302,1,"462"
read,589,4300,1,"462"
read,590,4320,1,"462"
read,591,4302,1,"462"
read,592,4267,1,"462"
read,593,4352,1,"462"
read,594,4281,1,"462"
read,595,4317,1,"462"
read,596,4319,1,"462"
read,597,4405,1,"462"
read,598,4338,1,"462"
read,599,4259,1,"462"
read,600,4175,1,"462"
read,601,4321,1,"462"
read,602,4534,1,"462"
read,603,4208,1,"462"
read,604,4445,1,"462"
read,605,4305,1,"462"
read,606,4249,1,"462"
read,607,4323,1,"462"
read,608,4202,1,"462"
read,609,4315,1,"462"
read,610,4298,1,"462"
read,611,4302,1,"462"
read,612,4274,1,"462"
read,613,4343,1,"462"
read,614,4263,1,"462"
read,615,4255,1,"462"
read,616,4172,1,"462"
read,617,4343,1,"462"
read,618,4305,1,"462"
read,619,4296,1,"462"
read,620,4579,1,"462"
read,621,4198,1,"462"
read,622,4291,1,"462"
read,623,4527,1,"462"
read,624,4236,1,"462"
read,625,4404,1,"462"
read,626,4290,1,"462"
read,627,4267,1,"462"
read,628,4355,1,"462"
read,629,4294,1,"462"
read,630,4396,1,"462"
read,631,4301,1,"462"
read,632,4293,1,"462"
read,633,4301,1,"462"
read,634,4303,1,"462"
read,635,4334,1,"462"
read,636,4303,1,"462"
read,637,4303,1,"462"
read,638,4295,1,"462"
read,639,4295,1,"462"
read,640,4331,1,"462"
read,641,4233,1,"462"
read,642,4148,1,"462"
read,643,4363,1,"462"
read,644,4298,1,"462"
read,645,4302,1,"462"
read,646,4296,1,"462"
read,647,4275,1,"462"
read,648,4280,1,"462"
read,649,4328,1,"462"
read,650,4128,1,"462"
read,651,4370,1,"462"
read,652,4270,1,"462"
read,653,4312,1,"462"
read,654,4474,1,"462"
read,655,4288,1,"462"
read,656,4174,1,"462"
read,657,4285,1,"462"
read,658,4490,1,"462"
read,659,4276,1,"462"
read,660,4294,1,"462"
read,661,4300,1,"462"
read,662,4247,1,"462"
read,663,4118,1,"462"
read,664,4346,1,"462"
read,665,4365,1,"462"
read,666,4295,1,"462"
read,667,4304,1,"462"
read,668,4298,1,"462"
read,669,4293,1,"462"
read,670,4287,1,"462"
read,671,4282,1,"462"
read,672,4462,1,"462"
read,673,4272,1,"462"
read,674,4303,1,"462"
read,675,4546,1,"462"
read,676,4402,1,"462"
read,677,4320,1,"462"
read,678,4305,1,"462"
read,679,4271,1,"462"
read,680,4302,1,"462"
read,681,4315,1,"462"
read,682,4273,1,"462"
read,683,4334,1,"462"
read,684,4299,1,"462"
read,685,4294,1,"462"
read,686,4270,1,"462"
read,687,4296,1,"462"
read,688,4303,1,"462"
read,689,4293,1,"462"
read,690,4254,1,"462"
read,691,4339,1,"462"
read,692,4339,1,"462"
read,693,4468,1,"462"
read,694,4303,1,"462"
read,695,4276,1,"462"
read,696,4312,1,"462"
read,697,4284,1,"462"
read,698,4302,1,"462"
read,699,4301,1,"462"
read,700,4299,1,"462"
read,701,4295,1,"462"
read,702,4326,1,"462"
read,703,4258,1,"462"
read,704,4301,1,"462"
read,705,4293,1,"462"
read,706,4285,1,"462"
read,707,4388,1,"462"
read,708,4297,1,"462"
read,709,4303,1,"462"
read,710,4256,1,"462"
read,711,4347,1,"462"
read,712,4308,1,"462"
read,713,4460,1,"462"
read,714,4326,1,"462"
read,715,4271,1,"462"
read,716,4307,1,"462"
read,717,4296,1,"462"
read,718,4303,1,"462"
read,719,4302,1,"462"
read,720,4284,1,"462"
read,721,4294,1,"462"
read,722,4236,1,"462"
read,723,4279,1,"462"
read,724,4289,1,"462"
read,725,4284,1,"462"
read,726,4753,1,"462"
read,727,4259,1,"462"
read,728,4348,1,"462"
read,729,4278,1,"462"
read,730,4297,1,"462"
read,731,4233,1,"462"
read,732,4403,1,"462"
read,733,4214,1,"462"
read,734,4348,1,"462"
read,735,4229,1,"462"
read,736,4774,1,"462"
read,737,4180,1,"462"
read,738,4240,1,"462"
read,739,4358,1,"462"
read,740,4326,1,"462"
read,741,4274,1,"462"
read,742,4298,1,"462"
read,743,4287,1,"462"
read,744,4322,1,"462"
read,745,4664,1,"462"
read,746,4287,1,"462"
read,747,4439,1,"462"
read,748,4335,1,"462"
read,749,4271,1,"462"
read,750,4395,1,"462"
read,751,4364,1,"462"
read,752,4237,1,"462"
read,753,4300,1,"462"
read,754,4307,1,"462"
read,755,4290,1,"462"
read,756,4305,1,"462"
read,757,4302,1,"462"
read,758,4299,1,"462"
read,759,4307,1,"462"
read,760,4276,1,"462"
read,761,4308,1,"462"
read,762,4260,1,"462"
read,763,4308,1,"462"
read,764,4321,1,"462"
read,765,4296,1,"462"
read,766,4301,1,"462"
read,767,4298,1,"462"
read,768,4257,1,"462"
read,769,4302,1,"462"
read,770,4337,1,"462"
read,771,4562,1,"462"
read,772,4183,1,"462"
read,773,4352,1,"462"
read,774,4300,1,"462"
read,775,4449,1,"462"
read,776,4286,1,"462"
read,777,4296,1,"462"
read,778,4451,1,"462"
read,779,4276,1,"462"
read,780,4286,1,"462"
read,781,4322,1,"462"
read,782,4271,1,"462"
read,783,4304,1,"462"
read,784,4301,1,"462"
read,785,4288,1,"462"
read,786,4317,1,"462"
read,787,4277,1,"462"
read,788,4293,1,"462"
read,789,4298,1,"462"
read,790,4211,1,"462"
read,791,4732,1,"462"
read,792,4297,1,"462"
read,793,4307,1,"462"
read,794,4295,1,"462"
read,795,4294,1,"462"
read,796,4296,1,"462"
read,797,4378,1,"462"
read,798,4343,1,"462"
read,799,4252,1,"462"
read,800,4284,1,"462"
read,801,4302,1,"462"
read,802,4275,1,"462"
read,803,4343,1,"462"
read,804,4251,1,"462"
read,805,4283,1,"462"
read,806,4282,1,"462"
read,807,4303,1,"462"
read,808,4374,1,"462"
read,809,4400,1,"462"
read,810,4631,1,"462"
read,811,4351,1,"462"
read,812,4403,1,"462"
read,813,4346,1,"462"
read,814,4323,1,"462"
read,815,4395,1,"462"
read,816,4192,1,"462"
read,817,4320,1,"462"
read,818,4299,1,"462"
read,819,4297,1,"462"
read,820,4293,1,"462"
read,821,4266,1,"462"
read,822,4284,1,"462"
read,823,4362,1,"462"
read,824,4258,1,"462"
read,825,4272,1,"462"
read,826,4298,1,"462"
read,827,4301,1,"462"
read,828,4268,1,"462"
read,829,4347,1,"462"
read,830,4295,1,"462"
read,831,4306,1,"462"
read,832,4438,1,"462"
read,833,4323,1,"462"
read,834,4748,1,"462"
read,835,4363,1,"462"
read,836,4306,1,"462"
read,837,4297,1,"462"
read,838,4305,1,"462"
read,839,4262,1,"462"
read,840,4297,1,"462"
read,841,4301,1,"462"
read,842,4301,1,"462"
read,843,4288,1,"462"
read,844,4278,1,"462"
read,845,4308,1,"462"
read,846,4298,1,"462"
read,847,4283,1,"462"
read,848,4303,1,"462"
read,849,4330,1,"462"
read,850,4293,1,"462"
read,851,4300,1,"462"
read,852,4296,1,"462"
read,853,4272,1,"462"
read,854,4298,1,"462"
read,855,4569,1,"462"
read,856,4351,1,"462"
read,857,4355,1,"462"
read,858,4302,1,"462"
read,859,4632,1,"462"
read,860,4309,1,"462"
read,861,4418,1,"462"
read,862,4304,1,"462"
read,863,4301,1,"462"
read,864,4297,1,"462"
read,865,4294,1,"462"
read,866,4302,1,"462"
read,867,4303,1,"462"
read,868,4299,1,"462"
read,869,4280,1,"462"
read,870,4311,1,"462"
read,871,4150,1,"462"
read,872,4291,1,"462"
read,873,4307,1,"462"
read,874,4308,1,"462"
read,875,4296,1,"462"
read,876,4303,1,"462"
read,877,4274,1,"462"
read,878,4293,1,"462"
read,879,4288,1,"462"
read,880,4611,1,"462"
read,881,4340,1,"462"
read,882,4294,1,"462"
read,883,4298,1,"462"
read,884,4309,1,"462"
read,885,4282,1,"462"
read,886,4203,1,"462"
read,887,4261,1,"462"
read,888,4297,1,"462"
read,889,4302,1,"462"
read,890,4294,1,"462"
read,891,4272,1,"462"
read,892,4470,1,"462"
read,893,4302,1,"462"
read,894,4291,1,"462"
read,895,4318,1,"462"
read,896,4276,1,"462"
read,897,4275,1,"462"
read,898,4316,1,"462"
read,899,4290,1,"462"
read,900,4605,1,"462"
read,901,4335,1,"462"
read,902,4285,1,"462"
read,903,4299,1,"462"
read,904,4290,1,"462"
read,905,4324,1,"462"
read,906,4201,1,"462"
read,907,4300,1,"462"
read,908,4299,1,"462"
read,909,4305,1,"462"
read,910,4273,1,"462"
read,911,4157,1,"462"
read,912,4216,1,"462"
read,913,4302,1,"462"
read,914,4301,1,"462"
read,915,4285,1,"462"
read,916,4324,1,"462"
read,917,4265,1,"462"
read,918,4458,1,"462"
read,919,4358,1,"462"
read,920,4298,1,"462"
read,921,4302,1,"462"
read,922,4269,1,"462"
read,923,4298,1,"462"
read,924,4336,1,"462"
read,925,4585,1,"462"
read,926,4350,1,"462"
read,927,4296,1,"462"
read,928,4297,1,"462"
read,929,4541,1,"462"
read,930,4397,1,"462"
read,931,4299,1,"462"
read,932,4252,1,"462"
read,933,4352,1,"462"
read,934,4300,1,"462"
read,935,4284,1,"462"
read,936,4327,1,"462"
read,937,4298,1,"462"
read,938,4310,1,"462"
read,939,4248,1,"462"
read,940,4342,1,"462"
read,941,4302,1,"462"
read,942,4289,1,"462"
read,943,4304,1,"462"
read,944,4951,1,"462"
read,945,4353,1,"462"
read,946,4416,1,"462"
read,947,4313,1,"462"
read,948,4372,1,"462"
read,949,4226,1,"462"
read,950,4377,1,"462"
read,951,4298,1,"462"
read,952,4325,1,"462"
read,953,4299,1,"462"
read,954,4448,1,"462"
read,955,4319,1,"462"
read,956,4304,1,"462"
read,957,4290,1,"462"
read,958,4296,1,"462"
read,959,4309,1,"462"
read,960,4291,1,"462"
read,961,4308,1,"462"
read,962,4285,1,"462"
read,963,4613,1,"462"
read,964,4340,1,"462"
read,965,4254,1,"462"
read,966,4294,1,"462"
read,967,4543,1,"462"
read,968,4215,1,"462"
read,969,4311,1,"462"
read,970,4311,1,"462"
read,971,4294,1,"462"
read,972,4297,1,"462"
read,973,4295,1,"462"
read,974,4302,1,"462"
read,975,4293,1,"462"
read,976,4327,1,"462"
read,977,4289,1,"462"
read,978,4306,1,"462"
read,979,4315,1,"462"
read,980,4310,1,"462"
read,981,4278,1,"462"
read,982,4818,1,"462"
read,983,4332,1,"462"
read,984,4265,1,"462"
read,985,4287,1,"462"
read,986,4555,1,"462"
read,987,4373,1,"462"
read,988,4213,1,"462"
read,989,4310,1,"462"
read,990,4477,1,"462"
read,991,4314,1,"462"
read,992,4250,1,"462"
read,993,4298,1,"462"
read,994,4269,1,"462"
read,995,4306,1,"462"
read,996,4281,1,"462"
read,997,4307,1,"462"
read,998,4315,1,"462"
read,999,4266,1,"462"
read,1000,4149,1,"462"
write,1,22,1,"W"
write,2,23,1,"W"
write,3,22,1,"W"
write,4,22,1,"W"
write,5,23,1,"W"
write,6,30,1,"W"
write,7,22,1,"W"
write,8,23,1,"W"
write,9,23,1,"W"
write,10,22,1,"W"
write,11,23,1,"W"
write,12,22,1,"W"
write,13,24,1,"W"
write,14,29,1,"W"
write,15,23,1,"W"
write,16,37,1,"W"
write,17,23,1,"W"
write,18,23,1,"W"
write,19,22,1,"W"
write,20,23,1,"W"
write,21,22,1,"W"
write,22,36,1,"W"
write,23,23,1,"W"
write,24,23,1,"W"
write,25,23,1,"W"
write,26,23,1,"W"
write,27,23,1,"W"
write,28,24,1,"W"
write,29,23,1,"W"
write,30,23,1,"W"
write,31,23,1,"W"
write,32,23,1,"W"
write,33,23,1,"W"
write,34,23,1,"W"
write,35,22,1,"W"
write,36,23,1,"W"
write,37,25,1,"W"
write,38,22,1,"W"
write,39,23,1,"W"
write,40,23,1,"W"
write,41,18,1,"W"
write,42,7,1,"W"
write,43,22,1,"W"
write,44,23,1,"W"
write,45,22,1,"W"
write,46,23,1,"W"
write,47,27,1,"W"
write,48,37,1,"W"
write,49,23,1,"W"
write,50,23,1,"W"
write,51,24,1,"W"
write,52,24,1,"W"
write,53,24,1,"W"
write,54,42,1,"W"
write,55,24,1,"W"
write,56,25,1,"W"
write,57,24,1,"W"
write,58,25,1,"W"
write,59,24,1,"W"
write,60,24,1,"W"
write,61,23,1,"W"
write,62,26,1,"W"
write,63,26,1,"W"
write,64,24,1,"W"
write,65,27,1,"W"
write,66,26,1,"W"
write,67,24,1,"W"
write,68,24,1,"W"
write,69,27,1,"W"
write,70,24,1,"W"
write,71,24,1,"W"
write,72,25,1,"W"
write,73,25,1,"W"
write,74,27,1,"W"
write,75,24,1,"W"
write,76,24,1,"W"
write,77,25,1,"W"
write,78,29,1,"W"
write,79,25,1,"W"
write,80,25,1,"W"
write,81,24,1,"W"
write,82,25,1,"W"
write,83,23,1,"W"
write,84,24,1,"W"
write,85,24,1,"W"
write,86,23,1,"W"
write,87,23,1,"W"
write,88,24,1,"W"
write,89,23,1,"W"
write,90,25,1,"W"
write,91,24,1,"W"
write,92,23,1,"W"
write,93,24,1,"W"
write,94,24,1,"W"
write,95,26,1,"W"
write,96,24,1,"W"
write,97,24,1,"W"
write,98,25,1,"W"
write,99,23,1,"W"
write,100,21,1,"W"
write,101,7,1,"W"
write,102,24,1,"W"
write,103,24,1,"W"
write,104,25,1,"W"
write,105,23,1,"W"
write,106,26,1,"W"
write,107,24,1,"W"
write,108,25,1,"W"
write,109,26,1,"W"
write,110,24,1,"W"
write,111,24,1,"W"
write,112,25,1,"W"
write,113,24,1,"W"
write,114,25,1,"W"
write,115,23,1,"W"
write,116,24,1,"W"
write,117,24,1,"W"
write,118,25,1,"W"
write,119,24,1,"W"
write,120,24,1,"W"
write,121,24,1,"W"
write,122,25,1,"W"
write,123,24,1,"W"
write,124,24,1,"W"
write,125,24,1,"W"
write,126,25,1,"W"
write,127,25,1,"W"
write,128,24,1,"W"
write,129,24,1,"W"
write,130,26,1,"W"
write,131,24,1,"W"
write,132,23,1,"W"
write,133,23,1,"W"
write,134,29,1,"W"
write,135,23,1,"W"
write,136,23,1,"W"
write,137,23,1,"W"
write,138,23,1,"W"
write,139,23,1,"W"
write,140,23,1,"W"
write,141,25,1,"W"
write,142,23,1,"W"
write,143,22,1,"W"
write,144,23,1,"W"
write,145,23,1,"W"
write,146,23,1,"W"
write,147,24,1,"W"
write,148,23,1,"W"
write,149,22,1,"W"
write,150,22,1,"W"
write,151,22,1,"W"
write,152,22,1,"W"
write,153,23,1,"W"
write,154,22,1,"W"
write,155,23,1,"W"
write,156,23,1,"W"
write,157,22,1,"W"
write,158,24,1,"W"
write,159,17,1,"W"
write,160,23,1,"W"
write,161,22,1,"W"
write,162,23,1,"W"
write,163,22,1,"W"
write,164,23,1,"W"
write,165,25,1,"W"
write,166,23,1,"W"
write,167,23,1,"W"
write,168,24,1,"W"
write,169,23,1,"W"
write,170,23,1,"W"
write,171,23,1,"W"
write,172,23,1,"W"
write,173,23,1,"W"
write,174,26,1,"W"
write,175,23,1,"W"
write,176,23,1,"W"
write,177,23,1,"W"
write,178,23,1,"W"
write,179,22,1,"W"
write,180,23,1,"W"
write,181,23,1,"W"
write,182,23,1,"W"
write,183,23,1,"W"
write,184,23,1,"W"
write,185,24,1,"W"
write,186,27,1,"W"
write,187,23,1,"W"
write,188,23,1,"W"
write,189,23,1,"W"
write,190,23,1,"W"
write,191,25,1,"W"
write,192,22,1,"W"
write,193,23,1,"W"
write,194,23,1,"W"
write,195,23,1,"W"
write,196,23,1,"W"
write,197,24,1,"W"
write,198,23,1,"W"
write,199,23,1,"W"
write,200,23,1,"W"
write,201,24,1,"W"
write,202,23,1,"W"
write,203,22,1,"W"
write,204,23,1,"W"
write,205,23,1,"W"
write,206,23,1,"W"
write,207,23,1,"W"
write,208,22,1,"W"
write,209,22,1,"W"
write,210,22,1,"W"
write,211,23,1,"W"
write,212,27,1,"W"
write,213,23,1,"W"
write,214,23,1,"W"
write,215,23,1,"W"
write,216,23,1,"W"
write,217,23,1,"W"
write,218,18,1,"W"
write,219,6,1,"W"
write,220,22,1,"W"
write,221,22,1,"W"
write,222,23,1,"W"
write,223,25,1,"W"
write,224,23,1,"W"
write,225,23,1,"W"
write,226,23,1,"W"
write,227,23,1,"W"
write,228,23,1,"W"
write,229,24,1,"W"
write,230,23,1,"W"
write,231,23,1,"W"
write,232,23,1,"W"
write,233,37,1,"W"
write,234,24,1,"W"
write,235,22,1,"W"
write,236,24,1,"W"
write,237,25,1,"W"
write,238,23,1,"W"
write,239,23,1,"W"
write,240,23,1,"W"
write,241,23,1,"W"
write,242,23,1,"W"
write,243,23,1,"W"
write,244,23,1,"W"
write,245,24,1,"W"
write,246,23,1,"W"
write,247,23,1,"W"
write,248,23,1,"W"
write,249,23,1,"W"
write,250,23,1,"W"
write,251,22,1,"W"
write,252,23,1,"W"
write,253,23,1,"W"
write,254,23,1,"W"
write,255,23,1,"W"
write,256,23,1,"W"
write,257,23,1,"W"
write,258,22,1,"W"
write,259,25,1,"W"
write,260,24,1,"W"
write,261,23,1,"W"
write,262,23,1,"W"
write,263,23,1,"W"
write,264,23,1,"W"
write,265,23,1,"W"
write,266,23,1,"W"
write,267,23,1,"W"
write,268,21,1,"W"
write,269,23,1,"W"
write,270,23,1,"W"
write,271,23,1,"W"
write,272,28,1,"W"
write,273,23,1,"W"
write,274,23,1,"W"
write,275,23,1,"W"
write,276,23,1,"W"
write,277,23,1,"W"
write,278,17,1,"W"
write,279,7,1,"W"
write,280,7,1,"W"
write,281,23,1,"W"
write,282,23,1,"W"
write,283,23,1,"W"
write,284,24,1,"W"
write,285,23,1,"W"
write,286,23,1,"W"
write,287,23,1,"W"
write,288,22,1,"W"
write,289,23,1,"W"
write,290,23,1,"W"
write,291,23,1,"W"
write,292,25,1,"W"
write,293,23,1,"W"
write,294,23,1,"W"
write,295,23,1,"W"
write,296,21,1,"W"
write,297,23,1,"W"
write,298,21,1,"W"
write,299,7,1,"W"
write,300,23,1,"W"
write,301,23,1,"W"
write,302,23,1,"W"
write,303,22,1,"W"
write,304,23,1,"W"
write,305,23,1,"W"
write,306,23,1,"W"
write,307,23,1,"W"
write,308,23,1,"W"
write,309,23,1,"W"
write,310,23,1,"W"
write,311,23,1,"W"
write,312,23,1,"W"
write,313,22,1,"W"
write,314,23,1,"W"
write,315,23,1,"W"
write,316,23,1,"W"
write,317,23,1,"W"
write,318,23,1,"W"
write,319,22,1,"W"
write,320,23,1,"W"
write,321,22,1,"W"
write,322,23,1,"W"
write,323,22,1,"W"
write,324,23,1,"W"
write,325,23,1,"W"
write,326,22,1,"W"
write,327,22,1,"W"
write,328,7,1,"W"
write,329,22,1,"W"
write,330,27,1,"W"
write,331,23,1,"W"
write,332,23,1,"W"
write,333,23,1,"W"
write,334,23,1,"W"
write,335,23,1,"W"
write,336,23,1,"W"
write,337,16,1,"W"
write,338,7,1,"W"
write,339,7,1,"W"
write,340,23,1,"W"
write,341,23,1,"W"
write,342,22,1,"W"
write,343,23,1,"W"
write,344,28,1,"W"
write,345,23,1,"W"
write,346,23,1,"W"
write,347,23,1,"W"
write,348,23,1,"W"
write,349,23,1,"W"
write,350,22,1,"W"
write,351,23,1,"W"
write,352,28,1,"W"
write,353,23,1,"W"
write,354,23,1,"W"
write,355,23,1,"W"
write,356,20,1,"W"
write,357,22,1,"W"
write,358,23,1,"W"
write,359,22,1,"W"
write,360,23,1,"W"
write,361,23,1,"W"
write,362,23,1,"W"
write,363,23,1,"W"
write,364,23,1,"W"
write,365,23,1,"W"
write,366,23,1,"W"
write,367,22,1,"W"
write,368,23,1,"W"
write,369,23,1,"W"
write,370,22,1,"W"
write,371,10,1,"W"
write,372,7,1,"W"
write,373,23,1,"W"
write,374,23,1,"W"
write,375,23,1,"W"
write,376,19,1,"W"
write,377,23,1,"W"
write,378,23,1,"W"
write,379,23,1,"W"
write,380,23,1,"W"
write,381,29,1,"W"
write,382,23,1,"W"
write,383,23,1,"W"
write,384,23,1,"W"
write,385,22,1,"W"
write,386,23,1,"W"
write,387,23,1,"W"
write,388,25,1,"W"
write,389,28,1,"W"
write,390,23,1,"W"
write,391,21,1,"W"
write,392,13,1,"W"
write,393,7,1,"W"
write,394,7,1,"W"
write,395,23,1,"W"
write,396,17,1,"W"
write,397,6,1,"W"
write,398,7,1,"W"
write,399,23,1,"W"
write,400,23,1,"W"
write,401,23,1,"W"
write,402,23,1,"W"
write,403,24,1,"W"
write,404,24,1,"W"
write,405,24,1,"W"
write,406,23,1,"W"
write,407,23,1,"W"
write,408,23,1,"W"
write,409,23,1,"W"
write,410,23,1,"W"
write,411,23,1,"W"
write,412,23,1,"W"
write,413,23,1,"W"
write,414,31,1,"W"
write,415,23,1,"W"
write,416,22,1,"W"
write,417,23,1,"W"
write,418,23,1,"W"
write,419,24,1,"W"
write,420,23,1,"W"
write,421,23,1,"W"
write,422,23,1,"W"
write,423,23,1,"W"
write,424,24,1,"W"
write,425,23,1,"W"
write,426,22,1,"W"
write,427,23,1,"W"
write,428,24,1,"W"
write,429,24,1,"W"
write,430,24,1,"W"
write,431,24,1,"W"
write,432,23,1,"W"
write,433,23,1,"W"
write,434,25,1,"W"
write,435,23,1,"W"
write,436,23,1,"W"
write,437,23,1,"W"
write,438,23,1,"W"
write,439,23,1,"W"
write,440,23,1,"W"
write,441,23,1,"W"
write,442,23,1,"W"
write,443,23,1,"W"
write,444,23,1,"W"
write,445,23,1,"W"
write,446,28,1,"W"
write,447,23,1,"W"
write,448,23,1,"W"
write,449,23,1,"W"
write,450,23,1,"W"
write,451,23,1,"W"
write,452,23,1,"W"
write,453,23,1,"W"
write,454,23,1,"W"
write,455,23,1,"W"
write,456,17,1,"W"
write,457,7,1,"W"
write,458,23,1,"W"
write,459,23,1,"W"
write,460,23,1,"W"
write,461,22,1,"W"
write,462,23,1,"W"
write,463,23,1,"W"
write,464,23,1,"W"
write,465,22,1,"W"
write,466,22,1,"W"
write,467,23,1,"W"
write,468,23,1,"W"
write,469,22,1,"W"
write,470,21,1,"W"
write,471,22,1,"W"
write,472,22,1,"W"
write,473,23,1,"W"
write,474,23,1,"W"
write,475,23,1,"W"
write,476,23,1,"W"
write,477,24,1,"W"
write,478,22,1,"W"
write,479,23,1,"W"
write,480,23,1,"W"
write,481,22,1,"W"
write,482,22,1,"W"
write,483,23,1,"W"
write,484,22,1,"W"
write,485,23,1,"W"
write,486,23,1,"W"
write,487,23,1,"W"
write,488,22,1,"W"
write,489,23,1,"W"
write,490,22,1,"W"
write,491,22,1,"W"
write,492,23,1,"W"
write,493,23,1,"W"
write,494,23,1,"W"
write,495,22,1,"W"
write,496,22,1,"W"
write,497,22,1,"W"
write,498,23,1,"W"
write,499,22,1,"W"
write,500,22,1,"W"
write,501,23,1,"W"
write,502,23,1,"W"
write,503,25,1,"W"
write,504,23,1,"W"
write,505,23,1,"W"
write,506,23,1,"W"
write,507,22,1,"W"
write,508,22,1,"W"
write,509,23,1,"W"
write,510,23,1,"W"
write,511,23,1,"W"
write,512,23,1,"W"
write,513,23,1,"W"
write,514,22,1,"W"
write,515,21,1,"W"
write,516,7,1,"W"
write,517,23,1,"W"
write,518,22,1,"W"
write,519,23,1,"W"
write,520,23,1,"W"
write,521,23,1,"W"
write,522,23,1,"W"
write,523,23,1,"W"
write,524,23,1,"W"
write,525,22,1,"W"
write,526,24,1,"W"
write,527,23,1,"W"
write,528,23,1,"W"
write,529,23,1,"W"
write,530,23,1,"W"
write,531,23,1,"W"
write,532,23,1,"W"
write,533,23,1,"W"
write,534,23,1,"W"
write,535,30,1,"W"
write,536,22,1,"W"
write,537,23,1,"W"
write,538,23,1,"W"
write,539,22,1,"W"
write,540,23,1,"W"
write,541,27,1,"W"
write,542,22,1,"W"
write,543,23,1,"W"
write,544,23,1,"W"
write,545,22,1,"W"
write,546,23,1,"W"
write,547,22,1,"W"
write,548,22,1,"W"
write,549,23,1,"W"
write,550,23,1,"W"
write,551,22,1,"W"
write,552,23,1,"W"
write,553,24,1,"W"
write,554,22,1,"W"
write,555,23,1,"W"
write,556,23,1,"W"
write,557,23,1,"W"
write,558,23,1,"W"
write,559,23,1,"W"
write,560,22,1,"W"
write,561,23,1,"W"
write,562,23,1,"W"
write,563,22,1,"W"
write,564,23,1,"W"
write,565,21,1,"W"
write,566,23,1,"W"
write,567,24,1,"W"
write,568,23,1,"W"
write,569,23,1,"W"
write,570,22,1,"W"
write,571,22,1,"W"
write,572,23,1,"W"
write,573,23,1,"W"
write,574,18,1,"W"
write,575,7,1,"W"
write,576,7,1,"W"
write,577,23,1,"W"
write,578,23,1,"W"
write,579,23,1,"W"
write,580,22,1,"W"
write,581,23,1,"W"
write,582,23,1,"W"
write,583,23,1,"W"
write,584,26,1,"W"
write,585,23,1,"W"
write,586,23,1,"W"
write,587,20,1,"W"
write,588,23,1,"W"
write,589,15,1,"W"
write,590,23,1,"W"
write,591,22,1,"W"
write,592,24,1,"W"
write,593,23,1,"W"
write,594,23,1,"W"
write,595,23,1,"W"
write,596,22,1,"W"
write,597,23,1,"W"
write,598,23,1,"W"
write,599,24,1,"W"
write,600,23,1,"W"
write,601,23,1,"W"
write,602,23,1,"W"
write,603,23,1,"W"
write,604,26,1,"W"
write,605,23,1,"W"
write,606,23,1,"W"
write,607,23,1,"W"
write,608,23,1,"W"
write,609,23,1,"W"
write,610,23,1,"W"
write,611,23,1,"W"
write,612,23,1,"W"
write,613,23,1,"W"
write,614,23,1,"W"
write,615,23,1,"W"
write,616,25,1,"W"
write,617,23,1,"W"
write,618,23,1,"W"
write,619,24,1,"W"
write,620,23,1,"W"
write,621,23,1,"W"
write,622,23,1,"W"
write,623,23,1,"W"
write,624,23,1,"W"
write,625,24,1,"W"
write,626,23,1,"W"
write,627,19,1,"W"
write,628,7,1,"W"
write,629,23,1,"W"
write,630,22,1,"W"
write,631,22,1,"W"
write,632,23,1,"W"
write,633,17,1,"W"
write,634,7,1,"W"
write,635,7,1,"W"
write,636,24,1,"W"
write,637,23,1,"W"
write,638,23,1,"W"
write,639,22,1,"W"
write,640,22,1,"W"
write,641,23,1,"W"
write,642,23,1,"W"
write,643,23,1,"W"
write,644,23,1,"W"
write,645,23,1,"W"
write,646,24,1,"W"
write,647,22,1,"W"
write,648,23,1,"W"
write,649,23,1,"W"
write,650,23,1,"W"
write,651,23,1,"W"
write,652,23,1,"W"
write,653,21,1,"W"
write,654,22,1,"W"
write,655,22,1,"W"
write,656,23,1,"W"
write,657,23,1,"W"
write,658,22,1,"W"
write,659,23,1,"W"
write,660,22,1,"W"
write,661,19,1,"W"
write,662,22,1,"W"
write,663,22,1,"W"
write,664,7,1,"W"
write,665,7,1,"W"
write,666,22,1,"W"
write,667,22,1,"W"
write,668,23,1,"W"
write,669,23,1,"W"
write,670,23,1,"W"
write,671,22,1,"W"
write,672,23,1,"W"
write,673,23,1,"W"
write,674,23,1,"W"
write,675,23,1,"W"
write,676,23,1,"W"
write,677,22,1,"W"
write,678,23,1,"W"
write,679,23,1,"W"
write,680,28,1,"W"
write,681,22,1,"W"
write,682,23,1,"W"
write,683,22,1,"W"
write,684,7,1,"W"
write,685,23,1,"W"
write,686,22,1,"W"
write,687,23,1,"W"
write,688,21,1,"W"
write,689,23,1,"W"
write,690,23,1,"W"
write,691,24,1,"W"
write,692,23,1,"W"
write,693,7,1,"W"
write,694,7,1,"W"
write,695,7,1,"W"
write,696,23,1,"W"
write,697,23,1,"W"
write,698,23,1,"W"
write,699,23,1,"W"
write,700,23,1,"W"
write,701,23,1,"W"
write,702,22,1,"W"
write,703,22,1,"W"
write,704,24,1,"W"
write,705,23,1,"W"
write,706,26,1,"W"
write,707,23,1,"W"
write,708,22,1,"W"
write,709,23,1,"W"
write,710,23,1,"W"
write,711,23,1,"W"
write,712,23,1,"W"
write,713,23,1,"W"
write,714,23,1,"W"
write,715,23,1,"W"
write,716,23,1,"W"
write,717,22,1,"W"
write,718,23,1,"W"
write,719,23,1,"W"
write,720,22,1,"W"
write,721,22,1,"W"
write,722,23,1,"W"
write,723,25,1,"W"
write,724,23,1,"W"
write,725,23,1,"W"
write,726,23,1,"W"
write,727,22,1,"W"
write,728,23,1,"W"
write,729,24,1,"W"
write,730,23,1,"W"
write,731,23,1,"W"
write,732,22,1,"W"
write,733,23,1,"W"
write,734,23,1,"W"
write,735,23,1,"W"
write,736,22,1,"W"
write,737,23,1,"W"
write,738,22,1,"W"
write,739,23,1,"W"
write,740,23,1,"W"
write,741,23,1,"W"
write,742,21,1,"W"
write,743,22,1,"W"
write,744,23,1,"W"
write,745,23,1,"W"
write,746,23,1,"W"
write,747,23,1,"W"
write,748,22,1,"W"
write,749,23,1,"W"
write,750,23,1,"W"
write,751,23,1,"W"
write,752,18,1,"W"
write,753,7,1,"W"
write,754,23,1,"W"
write,755,22,1,"W"
write,756,22,1,"W"
write,757,23,1,"W"
write,758,23,1,"W"
write,759,23,1,"W"
write,760,24,1,"W"
write,761,36,1,"W"
write,762,21,1,"W"
write,763,23,1,"W"
write,764,24,1,"W"
write,765,22,1,"W"
write,766,6,1,"W"
write,767,7,1,"W"
write,768,23,1,"W"
write,769,24,1,"W"
write,770,21,1,"W"
write,771,23,1,"W"
write,772,17,1,"W"
write,773,7,1,"W"
write,774,13,1,"W"
write,775,24,1,"W"
write,776,23,1,"W"
write,777,23,1,"W"
write,778,23,1,"W"
write,779,23,1,"W"
write,780,22,1,"W"
write,781,23,1,"W"
write,782,23,1,"W"
write,783,23,1,"W"
write,784,23,1,"W"
write,785,23,1,"W"
write,786,23,1,"W"
write,787,23,1,"W"
write,788,23,1,"W"
write,789,23,1,"W"
write,790,23,1,"W"
write,791,23,1,"W"
write,792,25,1,"W"
write,793,23,1,"W"
write,794,23,1,"W"
write,795,23,1,"W"
write,796,23,1,"W"
write,797,31,1,"W"
write,798,24,1,"W"
write,799,23,1,"W"
write,800,23,1,"W"
write,801,23,1,"W"
write,802,21,1,"W"
write,803,23,1,"W"
write,804,24,1,"W"
write,805,23,1,"W"
write,806,23,1,"W"
write,807,23,1,"W"
write,808,23,1,"W"
write,809,23,1,"W"
write,810,23,1,"W"
write,811,19,1,"W"
write,812,10,1,"W"
write,813,23,1,"W"
write,814,23,1,"W"
write,815,24,1,"W"
write,816,23,1,"W"
write,817,23,1,"W"
write,818,23,1,"W"
write,819,23,1,"W"
write,820,23,1,"W"
write,821,22,1,"W"
write,822,23,1,"W"
write,823,23,1,"W"
write,824,23,1,"W"
write,825,23,1,"W"
write,826,23,1,"W"
write,827,23,1,"W"
write,828,23,1,"W"
write,829,24,1,"W"
write,830,23,1,"W"
write,831,22,1,"W"
write,832,23,1,"W"
write,833,22,1,"W"
write,834,25,1,"W"
write,835,23,1,"W"
write,836,23,1,"W"
write,837,23,1,"W"
write,838,23,1,"W"
write,839,23,1,"W"
write,840,23,1,"W"
write,841,23,1,"W"
write,842,21,1,"W"
write,843,8,1,"W"
write,844,7,1,"W"
write,845,7,1,"W"
write,846,16,1,"W"
write,847,7,1,"W"
write,848,7,1,"W"
write,849,7,1,"W"
write,850,7,1,"W"
write,851,7,1,"W"
write,852,7,1,"W"
write,853,7,1,"W"
write,854,7,1,"W"
write,855,23,1,"W"
write,856,23,1,"W"
write,857,22,1,"W"
write,858,22,1,"W"
write,859,23,1,"W"
write,860,23,1,"W"
write,861,20,1,"W"
write,862,23,1,"W"
write,863,23,1,"W"
write,864,23,1,"W"
write,865,23,1,"W"
write,866,23,1,"W"
write,867,23,1,"W"
write,868,23,1,"W"
write,869,23,1,"W"
write,870,16,1,"W"
write,871,7,1,"W"
write,872,7,1,"W"
write,873,23,1,"W"
write,874,24,1,"W"
write,875,23,1,"W"
write,876,22,1,"W"
write,877,23,1,"W"
write,878,23,1,"W"
write,879,23,1,"W"
write,880,22,1,"W"
write,881,23,1,"W"
write,882,23,1,"W"
write,883,22,1,"W"
write,884,23,1,"W"
write,885,23,1,"W"
write,886,23,1,"W"
write,887,23,1,"W"
write,888,23,1,"W"
write,889,23,1,"W"
write,890,23,1,"W"
write,891,30,1,"W"
write,892,24,1,"W"
write,893,23,1,"W"
write,894,23,1,"W"
write,895,24,1,"W"
write,896,23,1,"W"
write,897,23,1,"W"
write,898,25,1,"W"
write,899,23,1,"W"
write,900,22,1,"W"
write,901,23,1,"W"
write,902,23,1,"W"
write,903,27,1,"W"
write,904,25,1,"W"
write,905,24,1,"W"
write,906,39,1,"W"
write,907,25,1,"W"
write,908,24,1,"W"
write,909,25,1,"W"
write,910,22,1,"W"
write,911,23,1,"W"
write,912,23,1,"W"
write,913,23,1,"W"
write,914,36,1,"W"
write,915,23,1,"W"
write,916,23,1,"W"
write,917,27,1,"W"
write,918,25,1,"W"
write,919,23,1,"W"
write,920,23,1,"W"
write,921,22,1,"W"
write,922,23,1,"W"
write,923,28,1,"W"
write,924,23,1,"W"
write,925,23,1,"W"
write,926,22,1,"W"
write,927,23,1,"W"
write,928,23,1,"W"
write,929,21,1,"W"
write,930,7,1,"W"
write,931,7,1,"W"
write,932,23,1,"W"
write,933,23,1,"W"
write,934,23,1,"W"
write,935,23,1,"W"
write,936,23,1,"W"
write,937,22,1,"W"
write,938,38,1,"W"
write,939,23,1,"W"
write,940,17,1,"W"
write,941,11,1,"W"
write,942,7,1,"W"
write,943,6,1,"W"
write,944,7,1,"W"
write,945,7,1,"W"
write,946,7,1,"W"
write,947,7,1,"W"
write,948,7,1,"W"
write,949,23,1,"W"
write,950,23,1,"W"
write,951,23,1,"W"
write,952,23,1,"W"
write,953,23,1,"W"
write,954,23,1,"W"
write,955,23,1,"W"
write,956,23,1,"W"
write,957,23,1,"W"
write,958,23,1,"W"
write,959,23,1,"W"
write,960,23,1,"W"
write,961,20,1,"W"
write,962,22,1,"W"
write,963,23,1,"W"
write,964,23,1,"W"
write,965,22,1,"W"
write,966,23,1,"W"
write,967,23,1,"W"
write,968,23,1,"W"
write,969,39,1,"W"
write,970,22,1,"W"
write,971,10,1,"W"
write,972,9,1,"W"
write,973,22,1,"W"
write,974,23,1,"W"
write,975,23,1,"W"
write,976,24,1,"W"
write,977,23,1,"W"
write,978,39,1,"W"
write,979,22,1,"W"
write,980,7,1,"W"
write,981,23,1,"W"
write,982,22,1,"W"
write,983,23,1,"W"
write,984,23,1,"W"
write,985,22,1,"W"
write,986,23,1,"W"
write,987,23,1,"W"
write,988,23,1,"W"
write,989,18,1,"W"
write,990,7,1,"W"
write,991,22,1,"W"
write,992,23,1,"W"
write,993,24,1,"W"
write,994,22,1,"W"
write,995,23,1,"W"
write,996,23,1,"W"
write,997,22,1,"W"
write,998,39,1,"W"
write,999,23,1,"W"
write,1000,22,1,"W"
